Rank,Rating,Name,Adress, Lat, Lon
1,10,Monte's Restaurant,"141 Eastern ave. Lynn. MA 01902",42.4634,-70.9426
2,9.4,Di Fara Pizza,"1424 Avenue J. Brooklyn. NY 11230",40.625,-73.9607
2,9.4,Frank Pepe Pizzeria Napoletana,"199 Boylston st. Chestnut Hill. MA 02467",42.3229,-71.1711
2,9.4,DeLucia's Brick Oven Pizza,"370 Main st. Raritan. NJ 08869",40.5695,-74.6349
5,9.3,Luigi's Pizza,"686 5th ave. Brooklyn. NY 11215",40.6602,-73.9948
5,9.3,Lucali,"575 Henry st. Brooklyn. NY 11231",40.6793,-74.0007
5,9.3,John's of Bleecker Street,"278 Bleecker st. New York. NY 10014",40.7316,-74.0033
5,9.3,Oath Pizza,"44 Straight wharf. Nantucket. MA 02554",41.2857,-70.0967
5,9.3,Angelo's Coal Oven Pizzeria,"117 W 57th st. New York. NY 10019",40.7644,-73.9787
5,9.3,Lazzara's Pizza,"221 W 38th st. New York. NY 10018",40.754,-73.9895
11,9.2,Halftime Pizza,"115 Causeway st. Boston. MA 02114",42.3656,-71.0616
11,9.2,Rosie's Subs and Pizza,"676 Washington st. Braintree. MA 02184",42.2079,-71.0014
11,9.2,De Lorenzos Tomato Pies,"2350 US-33. Robbinsville. NJ 08691",40.2215,-74.619
11,9.2,Sally's Apizza,"237 Wooster st. New Haven. CT 06511",41.3056,-72.9189
15,9.1,Best Pizza,"33 Havemeyer st. Brooklyn. NY 11211",40.7146,-73.9573
15,9.1,Regina Pizzeria,"11 1/2 Thacher st. Boston. MA 02113",42.3641,-71.0549
15,9.1,Johnny's Pizzeria,"30 W Lincoln ave. Mount Vernon. NY 10550",40.9132,-73.8371
15,9.1,Sauce Pizzeria,"345 E 12th st. New York. NY 10003",40.7295,-73.9835
15,9.1,Angelos Pizzeria,"736 S 9th st. Philadelphia. PA 19147",39.939,-75.1582
20,9,Town Spa Pizza,"1119 Washington st. Stoughton. MA 02072",42.1029,-71.1023
20,9,Denino's Greenwich Village,"93 MacDougal st. New York. NY 10012",40.7299,-74.0007
22,8.9,Ralph's Pizzeria,"564 Franklin ave. Nutley. NJ 07110",40.818,-74.1595
22,8.9,Mister O1- South Beach,"1680 Michigan Ave #101. Miami Beach. FL 33139",25.7925,-80.1409
22,8.9,Brooklyn Square Pizza,"265 S New Prospect Rd. Jackson. NJ 08527",40.1156,-74.2739
22,8.9,Conte's Pizza,"339 Witherspoon st. Princeton. NJ 08542",40.3573,-74.6602
22,8.9,Calabria Pizzeria & Restaurant,"588 S Livingston ave. Livingston. NJ 07039",40.7762,-74.3215
27,8.8,Modern Apizza,"874 State st. New Haven. CT 06511",41.3161,-72.9205
27,8.8,Nancys Towne House,"1453 Main st. Rahway. NJ 07065",40.6082,-74.2776
27,8.8,Federicis Family Restaurant,"14 E Main st. Freehold. NJ 07728",40.2601,-74.273
27,8.8,Pinos Pizza,"1920 Beacon st. Brighton. MA 02135",42.3364,-71.1536
27,8.8,Angelonis Restaurant & Pizzeria,"6 Brookside ave. Caldwell. NJ 07006",40.8398,-74.2765
32,8.7,Sorrentos,"255 W Park ave. Long Beach. NY 11561",40.5886,-73.6669
32,8.7,Fredi The PizzaMan,"17900 Allen Rd. Melvindale. MI 48122",42.2764,-83.1755
32,8.7,F & F Pizzeria,"1211 Avenue J. Brooklyn. NY 11230",40.6795,-73.9876
32,8.7,Ignazio's,"4 5th ave. Brooklyn. NY 11217",40.7033,-73.9946
32,8.7,Columbia Inn Restaurant,"1562 NJ-23. Montville. NJ 07045",40.9123,-74.3798
37,8.6,Nunzio's Pizzeria,"1003 Broadway. Long Branch. NJ 07740",40.3043,-73.9924
37,8.6,Tommys Pizza,"1937 Crosby ave. Bronx. NY 10461",40.8573,-73.8662
37,8.6,Tenth Street Pasta & Pizza,"428 10th st. Hoboken. NJ 07030",40.7489,-74.0324
37,8.6,Joe & Pat's Pizzeria,"1758 Richmond Rd. Staten Island. NY 10306",40.6247,-74.076
37,8.6,Williamsburg Pizza,"193 S 2nd st. Brooklyn. NY 11211",40.7101,-73.9637
37,8.6,Patsy's Pizzeria,"2287 1st ave. New York. NY 10035",40.8016,-73.937
37,8.6,Nove Italian Restaurant,"146 Spring st. New York. NY 10012",43.1896,-73.6526
37,8.6,Umberto's Pizzeria & Restaurant,"6408 Jericho Turnpike. New Hyde Park. NY 11042",40.735,-73.6874
37,8.6,Rizzo's Fine Pizza,"254 W 56th st. New York. NY 10019",40.7644,-73.9235
37,8.6,Prince Street Pizza,"27 Prince st. New York. NY 10012",40.7229,-73.994
37,8.6,Pi Pizzeria,"14 Federal st. Nantucket. MA 02554",41.2835,-70.1005
37,8.6,Roseland Apizza,"146 Main st. Derby. CT 06418",41.3204,-73.0887
37,8.6,Papas Tomato Pies,"2350 US-33. Robbinsville. NJ 08691",40.2215,-74.6194
51,8.5,Rosie's Pizza,"708 Arnold ave. Point Pleasant Beach. NJ 08742",40.0915,-74.0479
51,8.5,Double Zero,"361 W 16th st. New York. NY 10011",40.7282,-73.9846
51,8.5,Lil' Frankie's,"1 7th Ave S. New York. NY 10014",40.7252,-73.9896
51,8.5,Cape Cod Cafe,"1055 Main st. Brockton. MA 02301",42.0834,-71.0184
51,8.5,Tony's Place,"1817 Centre st. West Roxbury. MA 02132",42.2798,-71.1627
51,8.5,Frank Pepe Pizzeria Napoletana,"156 Wooster st. New Haven. CT 06511",41.3108,-72.9236
51,8.5,Brooklyn Pizza Masters,"64 3rd ave. Brooklyn. NY 11217",40.6782,-73.9442
51,8.5,Joe's Pizza,"7 Carmine st. New York. NY 10014",40.7308,-74.0021
51,8.5,John & Marias Pizzeria,"26 Main st. East Haven. CT 06512",41.2762,-72.8684
51,8.5,Perfect Pizza,"7005 Kennedy Blvd E. North Bergen. NJ 07047",40.7947,-74.0247
61,8.4,Giordano's,"130 E Randolph st. Chicago. IL 60601",41.8862, -87.6259
61,8.4,Joe & Pat's Pizzeria,"1757 Victory Blvd. Staten Island. NY 10314",40.6000, -74.0899
61,8.4,Colony Grill,"172 Myrtle ave. Stamford. CT 06902",41.0753, -73.5387
61,8.4,Saba's Pizza,"2016 Broadway. New York. NY 10023",40.7743, -73.9814
61,8.4,Pizza Sam,"37-58 89th st. Jackson Heights. NY 11372",40.7481, -73.8851
61,8.4,Luigi's Pizza,"319 8th ave. New York. NY 10001",40.7411, -73.9986
61,8.4,John's of Times Square,"260 W 44th st. New York. NY 10036",40.7580, -73.9855
61,8.4,Vinny Vincenz,"241 W 55th st. New York. NY 10019",40.7644, -73.9822
61,8.4,Picciotto NYC,"203 W 56th st. New York. NY 10019",40.7647, -73.9771
61,8.4,Best Pizza & Dive Bar,"474 Montauk Hwy. Amagansett. NY 11930",40.9635, -72.1850
61,8.4,Nicks Pizza,"101-06 67th Dr. Forest Hills. NY 11375",40.7189, -73.8493
61,8.4,Trattoria L'incontro,"21-76 31st st. Astoria. NY 11105",40.7672, -73.9210
73,8.3,Vic's Italian Restaurant,"800 Main st. Bradley Beach. NJ 07720",40.1875, -74.0150
73,8.3,Black Sheep Pizza - Minneapolis,"1100 Washington Ave SE. Minneapolis. MN 55455",44.9682, -93.2372
73,8.3,Antico Pizza,"1093 Howell Mill Rd NW. Atlanta. GA 30318",33.7995, -84.3995
73,8.3,Santillo's Brick Oven Pizza,"639 S 5th st. Elizabeth. NJ 07202",40.6629, -74.2210
73,8.3,Joe's Pizza,"1023 Montana ave. Santa Monica. CA 90403",34.0310, -118.4941
73,8.3,Speedy Romeo,"28 Smith st. Brooklyn. NY 11201",40.6771, -73.9436
73,8.3,Gato,"324 E 9th st. New York. NY 10003",40.7350, -73.9881
73,8.3,Sauce,"149 2nd ave. New York. NY 10003",40.7263, -73.9852
73,8.3,Surly Brewing,"520 Malcolm Ave SE. Minneapolis. MN 55455",44.9866, -93.2321
82,8.2,Patsy's Tavern & Restaurant,"77 River st. Paterson. NJ 07501",40.9157, -74.1273
82,8.2,Del Ponte's Coal Fired Pizza,"803 Belmar Plaza. Bradley Beach. NJ 07720",40.203171, -74.017525
82,8.2,Circles and Squares,"1301 S 13th st. Philadelphia. PA 19147",39.9423, -75.1749
82,8.2,Lou Malnati's Pizzeria,"1120 N State st. Chicago. IL 60610",41.9134, -87.6333
82,8.2,Saluggi's,"195 E 4th st. New York. NY 10003",40.7293, -73.9870
82,8.2,Brunetti Pizza,"126 E 7th st. New York. NY 10009",40.7313, -73.9819
82,8.2,Numero 28 Pizzeria - West Village,"28 Carmine st. New York. NY 10014",40.7324, -73.9975
82,8.2,Vito's Pizza,"1100 Montana ave. Santa Monica. CA 90403",34.0310, -118.4941
82,8.2,Pope's Italian Restaurant,"402 Broadway. Saratoga Springs. NY 12866",43.0839, -73.8073
82,8.2,Stromboli Pizza,"170 W 18th st. New York. NY 10011",40.7361, -73.9928
82,8.2,Bianchi's Pizza,"1149 Broadway. Revere. MA 02151",42.3749, -70.9772
82,8.2,Santarpio's Pizza,"111 Chelsea st. Boston. MA 02128",42.3699, -71.0715
82,8.2,Florina Pizzeria & Paninoteca,"220 Washington st. Boston. MA 02128",42.3602, -71.0574
82,8.2,Riko's Pizza,"1055 Summer st. Stamford. CT 06905",41.0787, -73.5490
82,8.2,Merilu Pizza Al Metro,"67 1st ave. New York. NY 10003",40.7345, -73.9911
82,8.2,NY Pizza Suprema,"25 W 23rd st. New York. NY 10010",40.7427, -73.9915
82,8.2,Brick Oven Pizza 33,"188 Bleecker st. New York. NY 10012",40.7293, -73.9969
82,8.2,Rocco's Pizza Joint,"374 7th ave. New York. NY 10001",40.7487, -73.9880
82,8.2,Pizza Time,"1405 Ave P. Brooklyn. NY 11229",40.6020, -73.9782
82,8.2,The Longshoreman,"54-14 13th ave. New York. NY 11101",40.7751, -73.9244
82,8.2,Grand Pizza Shoreline,"9 E Main st. Clinton. CT 06413",41.2930, -72.5475
82,8.2,Zuppardis Apizza,"1791 Boston Post Rd. West Haven. CT 06516",41.2845, -73.0007
82,8.2,Eleventh Street Pizza,"1035 11th st. Miami. FL 33139",25.7762, -80.1909
105,8.1,Luigi's Famous Pizza,"112 N 2nd st. Lincroft. NJ 07738",40.1701, -74.1295
105,8.1,Prime Pizza,"6233 W Pico Blvd. Los Angeles. CA 90035",34.0541, -118.3724
105,8.1,Vito & Nick's Pizzeria,"8433 S Cicero ave. Chicago. IL 60652",41.7733, -87.7473
105,8.1,Detroit Style Pizza Co,"22137 Greater Mack ave. St Clair Shores. MI 48080",42.5115, -82.9105
105,8.1,Cesare's Ristorante,"531 Mill Rd. Bristol. PA 19007",40.2524, -75.6543
105,8.1,Renato's Pizza Master,"1048 Washington Blvd. Jersey City. NJ 07310",40.7161, -74.0433
105,8.1,Rebar Bar & Pizza,"23 Elm st. West Haven. PA 18069",41.2837, -73.0371
105,8.1,Urban Tomato,"2140 Broadway. Palisades Park. NJ 07650",40.8637, -74.0019
105,8.1,Lido Restaurant,"1024 River Rd. Hackensack. NJ 07601",40.8660, -74.0490
105,8.1,Pizzata Pizzeria,"1183 S Broad st. Philadelphia. PA 19147",40.0520, -75.1527
105,8.1,Pizza Jawn,"3150 Waverly st. Philadelphia. PA 19152",39.9517, -75.1729
105,8.1,Wood Street Pizza,"301 Wood st. Philadelphia. PA 19106",39.9503, -75.1677
105,8.1,Lo Duca Pizza,"1451 86th st. Brooklyn. NY 11228",40.6344, -73.9862
105,8.1,Tacconellis Pizzeria,"2604 E Somerset st. Philadelphia. PA 19134",40.0182, -75.1177
105,8.1,Amore Pizzeria,"64-08 108th st. Flushing. NY 11375",40.7230, -73.8652
105,8.1,LArte Della Pizza Brooklyn,"216 7th ave. Brooklyn. NY 11215",40.6735, -73.9823
105,8.1,Razza Pizza Artigianale,"275 Grove st. Jersey City. NJ 07302",40.7174, -74.0419
105,8.1,Domenick & Pia Pizzeria,"1546 E Main st. Waterbury. CT 06705",41.5631, -72.9736
105,8.1,Goodfellas Pizzeria,"707 E 16th st. Indianapolis. IN 46202",39.7658, -86.1415
105,8.1,Denino's Pizzeria Tavern,"524 Port Richmond ave. Staten Island. NY 10302",40.6316, -74.1297
105,8.1,Basile's Pizza,"1084 Washington st. Hoboken. NJ 07030",40.7481, -74.0317
105,8.1,Neapolitan Express,"501 Madison ave. New York. NY 10022",40.7520, -73.9819
105,8.1,Famous Ben's Pizza,"2104 3rd ave. New York. NY 10029",40.7939, -73.9363
105,8.1,Lucali,"5751 7th ave. Miami Beach. FL 33139",40.6271, -73.9547
105,8.1,Totonno's,"1524 Neptune ave. Brooklyn. NY 11224",40.5792, -73.9887
105,8.1,Bronx Pizza,"1201 3rd ave. San Diego. CA 92101",32.7522, -117.1446
105,8.1,Caputo's Pizzeria,"1704 Saratoga Rd. Saratoga Springs. NY 12866",42.9307, -73.7576
105,8.1,King Umberto's of Elmont,"3571 Elmont Rd. Elmont. NY 11003",40.6857, -73.7065
105,8.1,Sal's Little Italy,"2875 E 4th st. New York. NY 10029",40.6049, -73.9565
105,8.1,Champion Pizza,"232 E 9th st. New York. NY 10003",40.7319, -73.9841
105,8.1,Rubirosa,"235 E 3rd st. New York. NY 10009",40.7269, -73.9867
105,8.1,310 Bowery Bar,"310 Bowery. New York. NY 10012",40.7240, -73.9932
105,8.1,Cafe Daniello's,"1250 Lexington ave. New York. NY 10027",40.7637, -73.9654
105,8.1,Freddie & Pepper's,"299 E 49th st. New York. NY 10017",40.7557, -73.9741
105,8.1,Francesco's Pizzeria,"1375 Broadway. New York. NY 10018",40.7556, -73.9889
105,8.1,Sacco Pizza,"352 2nd ave. New York. NY 10010",40.7395, -73.9875
105,8.1,Luigi's Gourmet Grill,"295 7th ave. New York. NY 10001",40.7420, -73.9957
105,8.1,PizzArte,"69 W 55th st. New York. NY 10019",40.7626, -73.9779
105,8.1,Pisa Pizza,"1720 2nd ave. New York. NY 10128",40.7810, -73.9570
105,8.1,Jiannetto's Pizza Truck,"145 W 72nd st. New York. NY 10023",40.7801, -73.9815
105,8.1,Lombardi's Pizza,"32 Spring st. New York. NY 10012",40.7199, -73.9972
105,8.1,Nicoletta Pizzeria,"170 7th Ave S. New York. NY 10014",40.7384, -73.9989
105,8.1,Heritage,"1233 N Federal Hwy. Fort Lauderdale. FL 33304",26.1223, -80.1434
105,8.1,Angelos Pizza,"Wilkes Barre. PA 18702",41.2450, -75.8854
105,8.1,Gerrys Pizzeria,"Wilkes Barre. PA 18702",41.2450, -75.8854
105,8.1,Pizza Craft Artisan Pizzeria,"1000 E Las Olas Blvd. Fort Lauderdale. FL 33301",26.1182, -80.1385
105,8.1,Tuccis Fire N Coal Pizza,"Boca Raton. FL 33432",26.3587, -80.0831
105,8.1,Pizzeria Giove,"70 Ellis st. Staten Island. NY 10307",40.6110, -74.0882
105,8.1,Pete & Eldas Bar / Carmens Pizzeria,"2101 State Route 35. Neptune City. NJ 07753",40.2112, -74.0142
105,8.1,Slice,"48-04 30th ave. Long Island City. NY 11103",40.7444, -73.9487
155,8,Robertas,"261 Moore st. Brooklyn. NY 11206",40.7158, -73.9434
155,8,Grimaldi's,"1 Front st. Brooklyn. NY 11201",40.7017, -73.9960
155,8,La Margarita Pizza,"1849 2nd ave. New York. NY 10128",40.7852, -73.9519
155,8,East Village Pizza,"159 2nd ave. New York. NY 10003",40.7280, -73.9875
155,8,Steamboat Wharf Pizza,"34 Washington st. Nantucket. MA 02554",41.2843, -70.0998
155,8,Lynwood Cafe,"1403 North st. Randolph. MA 02368",42.0807, -71.1307
155,8,Fort Lee Pizzeria,"1501 Lemoine ave. Fort Lee. NJ 07024",40.8585, -73.9875
155,8,Blocks Pizza Deli,"1101 Collins ave. Miami Beach. FL 33139",25.7915, -80.1349
155,8,Fort Lee Pizzeria,"1501 Lemoine ave. Fort Lee. NJ 07024",40.8585, -73.9875
164,7.9,Maria's Pizza & Subs,"25 N Main st. Milltown. NJ 08850",40.4673, -74.4745
164,7.9,Mancini Pizza,"299 Ryders Ln. East Brunswick. NJ 08816",40.4099, -74.4587
164,7.9,Natoli's Italian Deli,"15 Center ave. Secaucus. NJ 07094",40.7817, -74.0670
164,7.9,Amore Pizza by Jack Calandra,"277 N Franklin ave. Nutley. NJ 07110",40.8779, -74.1791
164,7.9,The Galley Pizza & Eatery,"2109 State Route 33. Asbury Park. NJ 07712",40.2132, -74.0035
164,7.9,Brooklyn Pizza,"425 Millburn ave. Short Hills. NJ 07078",40.7228, -74.3093
164,7.9,Pizzette Miami,"1766 Collins ave. Miami Beach. FL 33139",25.7927, -80.1355
164,7.9,Roma Pizzeria,"2301 Bergenline ave. North Bergen. NJ 07047",40.7765, -74.0189
164,7.9,Good Pizza,"1901 N Front st. Philadelphia. PA 19122",39.9902, -75.1306
164,7.9,Brooklyn's Brick Oven Pizzeria,"1065 Main st. Hackensack. NJ 07601",40.8834, -74.0416
164,7.9,Brother's Pizzeria,"2216 Richmond ave. Staten Island. NY 10314",40.5907, -74.1523
164,7.9,Lee's Tavern,"60 Hancock st. Staten Island. NY 10305",40.6003, -74.1156
164,7.9,Il Mattone West Village,"34 W 8th st. New York. NY 10011",40.7334, -73.9970
164,7.9,Artichoke Basille's Pizza,"328 E 14th st. New York. NY 10003",40.7311, -73.9813
164,7.9,Julian's Italian Pizzeria & Kitchen,"1101 E Hildebrand ave. San Antonio. TX 78209",29.4923, -98.4797
164,7.9,Borrelli's,"1862 Front st. East Meadow. NY 11554",40.7230, -73.5561
164,7.9,Tony's Pizza,"7119 3rd ave. Brooklyn. NY 11209",40.6076, -74.0307
164,7.9,L'industrie Pizzeria,"254 S 2nd st. Brooklyn. NY 11211",40.7107, -73.9571
164,7.9,Manhattan Brick Oven Pizza,"118 E 28th st. New York. NY 10016",40.7390, -73.9850
164,7.9,Made In New York Pizza,"54 S 2nd st. Brooklyn. NY 11249",40.7107, -73.9571
164,7.9,Arturo's,"106 W Houston st. New York. NY 10012",40.7310, -73.9963
164,7.9,Sofia Pizza Shoppe,"474 Court st. New York. NY 11231",40.6793, -73.9967
164,7.9,Rock Pizza Scissors,"111 3rd ave. New York. NY 10003",40.7265, -73.9877
164,7.9,Patrizia's Pizza and Pasta,"1491 2nd ave. New York. NY 10075",40.7754, -73.9573
164,7.9,Sabatinis Pizza Inc,"24 S Main st. Exeter. PA 18643",41.3581, -75.9947
164,7.9,Mobys,"124 N Main st. East Hampton. NY 11937",40.9637, -72.1815
164,7.9,Sicilian Oven,"5070 N Military Trail. Boca Raton. FL 33496",26.3751, -80.1081
164,7.9,Fresco By Scotto,"24 W 56th st. New York. NY 10019",40.7631, -73.9783
164,7.9,Amano Pizza,"113 S Broadway. South Amboy. NJ 08879",40.4727, -74.2875
164,7.9,Grand Avenue Pizza,"2917 Grand ave. Astoria. NY 11103",40.7653, -73.9277
164,7.9,Nunzios Pizzeria & Restaurant,"1253 Hylan Blvd. Staten Island. NY 10305",40.6041, -74.0867
164,7.9,Via Roma Pizza Bar,"7520 3rd ave. Brooklyn. NY 11209",40.6092, -73.9874
164,7.9,Tony Ds Pizza,"24 Bloomfield ave. Caldwell. NJ 07006",40.8641, -74.2822
164,7.9,Ginos Long Beach,"1005 W Beech st. Long Beach. NY 11561",40.5865, -73.6647
164,7.9,Vinces Pizzeria,"1070 S 3rd st. Philadelphia. PA 19147",39.9334, -75.2215
164,7.9,Pizza Shackamaxon,"1146 Shackamaxon st. Philadelphia. PA 19125",39.9849, -75.1195
164,7.9,Ernies Pizzeria,"330 W 1st st. New Haven. CT 06515",41.3093, -72.9405
164,7.9,Pizzeria La Rosa,"255 Huguenot st. New Rochelle. NY 10801",40.9117, -73.7813
164,7.9,Angelino's Restaurant,"8910-1 New State Rd. Philadelphia. PA 19136",40.0685, -75.0101
203,7.8,Pelham Pizza,"113 Fifth ave. Pelham. NY 10803",40.8824, -73.8180
203,7.8,The Pizza Terminal,"150 Bloomfield ave. Verona. NJ 07044",40.8356, -74.2660
203,7.8,Brooklyn Square," 265 S New Prospect Rd. Jackson Township. NJ 08527",40.2275, -74.6995
203,7.8,Pat's Pizza and Ristorante,"4100 W Armitage ave. Chicago. IL 60639",41.9171, -87.7233
203,7.8,Zazzy's Pizza,"410 Humboldt st. Brooklyn. NY 11211",40.7128, -74.0060
203,7.8,Barnaby's of Northbrook,"1472 Waukegan Rd. Northbrook. IL 60062",42.1164, -87.7947
203,7.8,Michigan & Trumbull,"1331 HOLDEN ST.  #100  DETROIT. MI 48202",42.3477, -83.0672
203,7.8,Tomatoes APizza,"Farmington Hills. MI 48334",42.4637, -83.3927
203,7.8,Marabella Pizza,"4107 Greenpoint ave. Sunnyside. NY 11104",40.7385, -73.9240
203,7.8,Lodi Pizza Restaurant,"19 US-46. Lodi. NJ 07644",40.8836, -74.1830
203,7.8,Giotto Maestro della Pizza,"1701 Collins ave. Miami Beach. FL 33139",25.7984, -80.1299
203,7.8,Napoli Wood Fired Pizza,"509 Anderson ave. Cliffside Park. NJ 07010",40.8556, -73.9814
203,7.8,Gaetano's Pizzeria,"521 W Township Line Rd. Clifton Heights. PA 19018",39.9375, -75.2980
203,7.8,Pica's Restaurant,"3600 Township Line Rd. Upper Darby. PA 19082",39.9525, -75.2875
203,7.8,Botanica Bar,"47 E Houston st. New York. NY 10012",40.7128, -74.0060
203,7.8,Louie & Ernie's Pizza,"1308 Crosby ave. Bronx. NY 10461",40.8593, -73.8645
203,7.8,Leone's Pizza,"3022 W Lane ave. Columbus. OH 43204",39.9448, -83.0651
203,7.8,Pies & Pints - Lexington,"105 W Main st. Lexington. KY 40507",38.0432, -84.5005
203,7.8,Round Pie Pizza Company,"1334 Forest ave. Staten Island. NY 10302",40.6114, -74.0917
203,7.8,Luigi's Coal Oven Pizza,"3111 N Federal Hwy. Fort Lauderdale. FL 33306",26.1272, -80.1422
203,7.8,The New Park Tavern,"1270 E Ridgewood ave. East Rutherford. NJ 07073",40.8901, -74.0945
203,7.8,Vaccaros Pizza,"350 Jericho Turnpike. Floral Park. NY 11001",40.7347, -73.7089
203,7.8,Pats Pizza,"1603 Dorchester ave. Dorchester Center. MA 02122",42.3002, -71.0747
203,7.8,Artichoke Basille's Pizza,"328 E 14th st. New York. NY 10003",40.7311, -73.9813
203,7.8,Peperino,"21 West End ave. New York. NY 10023",40.7128, -74.0060
203,7.8,Nonnas Pizza,"7 W Post Rd. White Plains. NY 10606",41.0303, -73.7713
203,7.8,Adoro Lei,"197 E 3rd st. New York. NY 10009",40.7269, -73.9867
203,7.8,Serafina Meatpacking,"9 Little W 12th st. New York. NY 10014",40.7400, -74.0027
203,7.8,Emmett's,"292 Bleecker st. New York. NY 10014",40.7316, -73.9985
203,7.8,XS Nightclub,"3700 S Las Vegas Blvd. Las Vegas. NV 89109",36.1047, -115.1741
203,7.8,Acquolina,"4042 24th st. San Francisco. CA 94114",37.7577, -122.4302
203,7.8,Krispy Pizza - Brooklyn,"3089 Coney Island ave. Brooklyn. NY 11235",40.6086, -73.9555
203,7.8,Eddies Pizza,"3031 New Hyde Park Rd. New Hyde Park. NY 11042",40.7440, -73.6811
203,7.8,New Park Pizza,"156-10 Cross Bay Blvd. Howard Beach. NY 11414",40.6407, -73.8497
203,7.8,Carmine's Pizzeria,"122 W 43rd st. New York. NY 10036",40.7594, -73.9803
203,7.8,Salvo's Pizzabar,"197 E 3rd st. New York. NY 10009",40.7265, -73.9866
203,7.8,Frank's Trattoria,"1237 3rd ave. New York. NY 10021",40.7351, -73.9841
203,7.8,Rivoli Pizza,"1564 York ave. New York. NY 10028",40.7761, -73.9543
203,7.8,Pizza Da Solo,"1055 2nd ave. New York. NY 10022",40.7461, -73.9795
203,7.8,Joe's Pizza,"7 Carmine st. New York. NY 10014",40.7303, -73.9977
203,7.8,La Bellezza,"281 7th ave. New York. NY 10001",40.7419, -73.9963
203,7.8,Sams Restaurant,"34 E Hampton Dr. East Hampton. NY 11937",40.9637, -72.1815
203,7.8,Fiori's Pizzaria,"2288 W Liberty ave. Pittsburgh. PA 15226",40.4173, -80.0156
203,7.8,Grandpa's Pizza,"27030 Old 41 Rd. Bonita Springs. FL 34135",26.3398, -81.7787
247,7.74,Ducali,"289 Hanover st. Boston. MA 02113",42.3664, -71.0544
248,7.7,Il Buco Alimentari & Vineria,"47 E 1st st. New York. NY 10003",40.7275, -73.9844
248,7.7,Urban CoalHouse,"2 Bridge ave. Red Bank. NJ 07701",40.3513, -74.0739
248,7.7,Grana Pizza Cafe,"287 Broad st. Matawan. NJ 07747",40.4073, -74.2206
248,7.7,Bella Pizza,"90 E Route 46. Hasbrouck Heights. NJ 07604",40.8655, -74.0799
248,7.7,Joey's House of Pizza,"4311 E Brainerd Rd. Nashville. TN 37411",36.0479, -86.6087
248,7.7,Craft Pizza,"1258 W Armitage ave. Chicago. IL 60614",41.9124, -87.6747
248,7.7,Joe's Pizza NYC,"501 E Liberty st. Ann Arbor. MI 48104",42.2812, -83.7482
248,7.7,Curioni's Pizza,"317 St. Mary's ave. Lodi. NJ 07644",40.8792, -74.0669
248,7.7,Goodfellas Distillery,"1223 Versailles Rd. Lexington. KY 40504",38.0509, -84.4976
248,7.7,Pugsley's Pizza,"3848 E Tremont ave. Bronx. NY 10465",40.8266, -73.8579
248,7.7,Scarr's Pizza,"42 Orchard st. New York. NY 10002",40.7180, -73.9905
248,7.7,Harry's Italian,"235 E 42nd st. New York. NY 10017",40.7549, -73.9776
248,7.7,Phil's Pizza,"2867 Broadway. New York. NY 10025",40.8090, -73.9629
248,7.7,Ciao Vineria con Cucina,"47 E 1st st. New York. NY 10003",40.7275, -73.9844
248,7.7,Pizza Barbone,"309 Main st. Hyannis. MA 02601",41.6543, -70.2891
248,7.7,Italian Village Pizzeria,"43 E 12th st. New York. NY 10003",40.7314, -73.9915
248,7.7,Il Rione,"1233 W 6th st. Cleveland. OH 44113",41.4921, -81.6961
248,7.7,Song E Napule,"146 W 10th st. New York. NY 10014",40.7314, -73.9989
248,7.7,Vezzo,"200 E 61st st. New York. NY 10065",40.7621, -73.9640
248,7.7,Sfila Pizza,"13 E 17th st. New York. NY 10003",40.7375, -73.9895
248,7.7,Pepe Giallo,"203 W 10th st. New York. NY 10014",40.7337, -73.9989
248,7.7,3 Giovani,"22 Carmine st. New York. NY 10014",40.7324, -73.9991
248,7.7,Nicks New Haven Style Pizzeria and Bar,"1221 S Military Trl. Boca Raton. FL 33486",26.3737, -80.1062
248,7.7,Rosarios,"35-55 31st st. Astoria. NY 11106",40.7620, -73.9236
248,7.7,Nonna's,"292 N Franklin Tpke. Florham Park. NJ 07932",40.9790, -74.3034
248,7.7,Mike's Pizza,"327 7th ave. New York. NY 10001",40.7454, -73.9947
248,7.7,Table 87 - Brooklyn Heights,"87 Atlantic ave. Brooklyn. NY 11201",40.7001, -73.9917
248,7.7,Haymarket Pizza,"3 Haymarket Sq. Boston. MA 02110",42.3607, -71.0591
248,7.7,Michaels Famous Pan Pizza & Restaurant,"151 Waverly ave. Port Chester. NY 10573",41.0125, -73.6607
248,7.7,Mike's Apizza & Restaurant,"780 Boston Post Rd. West Haven. CT 06516",41.2780, -72.9362
248,7.7,Sal's Pizzeria,"610 Mamaroneck ave. Mamaroneck. NY 10543",40.9682, -73.7494
248,7.7,Cuginos Italian Deli & Pizza,"5310 W Sahara ave. Las Vegas. NV 89146",36.1330, -115.2631
248,7.7,Taglio Cucina & Pizzeria Romana,"18399 Murdock Cir. Port Charlotte. FL 33948",26.9993, -82.1866
248,7.7,Industry Pizza & Slice Shop,"4532 Tamiami Trl N. Naples. FL 34103",26.1645, -81.7981
282,7.6,Sea Bright Pizzeria,"1068 Ocean ave. Sea Bright. NJ 07760",26.3398, -81.7787
282,7.6,Little Italy Pizza & Pasta,"Manuel R. Manuel Rodriguez Sanchez S. 3. 63734 Sayulita. Nay.. Mexico",20.8679, -105.4442
282,7.6,Michael's Original Pizzeria & Tavern,"1234 W Armitage ave. Chicago. IL 60614",41.8926, -87.6402
282,7.6,Chimney Rock Inn,"1733 Route 28. Bound Brook. NJ 08805",40.5613, -74.5231
282,7.6,Jimmy's Pizza Cafe,"4706 N Lincoln ave. Chicago. IL 60625",41.9783, -87.6852
282,7.6,Michael's Pastaria,"108 N Franklin ave. Nutley. NJ 07110",40.8575, -74.1620
282,7.6,Squan Tavern,"87 Main st. Manasquan. NJ 08736",40.1283, -74.0371
282,7.6,Arthur Avenue Wood Fired Pizza,"99 Washington ave. Pleasantville. NY 10570",41.1467, -73.7825
282,7.6,Bar Cargo,"1958 W Chicago ave. Chicago. IL 60622",41.9154, -87.6424
282,7.6,Reservoir Restaurant,"77 Valley st. South Orange. NJ 07079",40.7429, -74.2621
282,7.6,Josie's Pizzeria,"300 Riverside ave. Lyndhurst. NJ 07071",40.8692, -74.1062
282,7.6,Charlie's Pizzeria,"3149 Chestnut st. Philadelphia. PA 19104",39.9526, -75.1652
282,7.6,Joe's Pizza,"7260 Melrose ave. West Hollywood. CA 90046",34.0915, -118.3520
282,7.6,John's Pizzeria,"2785 Kennedy Blvd. Jersey City. NJ 07306",40.7174, -74.0434
282,7.6,Red Pinto Tailgate Party,"1112 Union Rd. Orchard Park. NY 14127",42.7739, -78.7481
282,7.6,Ginos Restaurant,"5802 5th ave. Brooklyn. NY 11220",40.6784, -73.9447
282,7.6,Norms Pizza,"2620 W 5th st. Brooklyn. NY 11224",40.6801, -73.9725
282,7.6,Petes Pizza,"4280 S Atlantic ave. Daytona Beach. FL 32118",29.2108, -81.0224
282,7.6,PizzaPapalis of Greektown,"555 Monroe st. Detroit. MI 48226",42.3601, -83.0482
282,7.6,Frank & Dannys Pizzeria,"1983 3rd ave. New York. NY 10029",40.7306, -73.9890
282,7.6,Pizza District,"2232 N Federal Hwy. Boca Raton. FL 33431",26.3737, -80.1062
282,7.6,Vincenzas Pizza & Pasta,"2078 E 71st st. Cleveland. OH 44103",41.4963, -81.6892
282,7.6,Salvatores Coal Oven Pizzeria,"233 W Main st. Port Washington. NY 11050",40.8070, -73.6970
282,7.6,Reservoir Tavern,"333 Reservoir Rd. Boonton. NJ 07005",40.8942, -74.4280
282,7.6,La Capannina,"103 Wainscott Main st. Wainscott. NY 11975",40.9687, -72.1863
282,7.6,Pizza Collective,"108 W 17th st. New York. NY 10011",40.7255, -73.9994
282,7.6,Primavera Pizza,"1265 Montauk Hwy. Montauk. NY 11954",41.0350, -71.9513
282,7.6,Village Square Pizza,"1116 2nd ave. New York. NY 10021",40.7312, -73.9879
282,7.6,Young Joni,"2635 Nicollet ave. Minneapolis. MN 55408",44.9770, -93.2864
282,7.6,Porrinos Pizzeria,"200 Main st. Little Ferry. NJ 07643",40.8634, -74.0920
282,7.6,Pizza Land,"441 Schuyler ave. North Arlington. NJ 07031",40.7451, -74.1010
282,7.6,Buddy's Pizza,"1575 N Telegraph Rd. Dearborn. MI 48128",42.3293, -83.1766
282,7.6,Johnny Pepperoni,"510 Washington st. Hoboken. NJ 07030",40.7336, -74.0324
282,7.6,Enzo Bruni La Pizza Gourmet,"149 W 55th st. New York. NY 10019",40.7357, -73.9920
282,7.6,Poopsie's,"237 Main st. Pembroke. MA 02359",42.0828, -70.6267
282,7.6,Motorino,"349 E 12th st. New York. NY 10003",40.7360, -73.9817
282,7.6,Cusumano,"106 N Main st. Old Forge. PA 18656",41.5072, -75.4092
282,7.6,Cafe Rinaldi,"29 N Main st. Old Forge. PA 18656",41.5070, -75.4090
320,7.5,Pizza Bruno,"5321 Summerlin Rd. Orlando. FL 32819",28.5227, -81.9576
320,7.5,Tavolino Pizzeria & Trattoria,"19 Wotton st. Wallington. NJ 07057",40.8756, -74.1365
320,7.5,Maruca's Tomato Pies,"1814 Boardwalk. Seaside Heights. NJ 08751",39.9600, -74.0779
320,7.5,Five Points Pizza East."2102 Eastland ave. Nashville. TN 37206",36.1400, -86.7244
320,7.5,Prince Street Pizza,"53 Prince st. West Hollywood. CA 90048",34.0840, -118.3515
320,7.5,Avellino Pizza & Pasta,"50 N Central ave. Hartsdale. NY 10530",40.9756, -73.7942
320,7.5,Amarone,"2085 NE 163rd st. Aventura. FL 33162",25.9390, -80.1445
320,7.5,Detroit Frankie's Wood Fired Brick Oven,"3801 W Saginaw st. Lansing. MI 48917",42.7309, -84.5449
320,7.5,Cloverleaf Bar & Restaurant,"24443 Gratiot ave. Eastpointe. MI 48021",42.4697, -82.9511
320,7.5,Supino Pizzeria,"2457 Russell st. Detroit. MI 48207",42.3440, -83.0664
320,7.5,Sac's Place,"555 3rd ave. Queens. NY 11106",40.7430, -73.9469
320,7.5,Trattoria La Sorrentina,"4607 Broadway. North Bergen. NJ 07047",40.7797, -74.0167
320,7.5,Apizza Grande,"1313 Dixwell ave. East Haven. CT 06513",41.3754, -72.9361
320,7.5,Juliano's Restaurant,"1800 Broadway ave. McKees Rocks. PA 15136",40.4663, -80.0906
320,7.5,Mulberry Street Pizzeria,"221 N Canon Dr. Beverly Hills. CA 90210",34.0696, -118.4066
320,7.5,Red Wagon Pizza Co,"2057 Lyndale Ave S. Minneapolis. MN 55405",44.9605, -93.2893
320,7.5,Red Front Pizza,"1421 Crescent Rd. Clifton Park. NY 12065",42.8691, -73.8142
320,7.5,Arcaro & Genell,"350 S Main st. Old Forge. PA 18642",41.5072, -75.4092
320,7.5,Scratch Brick Oven,"416 W Main st. Johnson City. TN 37604",36.2975, -82.3884
320,7.5,Bocce Club Pizza,"6311 E Main st. Amherst. NY 14221",42.9849, -78.8484
320,7.5,Vincenzos Pizzeria,"620 N Main st. Waterbury. CT 06704",41.5580, -73.0502
320,7.5,Napoli Pizza & Pasta,"3095 Broadway. Astoria. NY 11106",40.7600, -73.9203
320,7.5,Renzos Cafe Pizzeria,"950 Glades Rd. Boca Raton. FL 33431",26.3715, -80.1380
320,7.5,Vince the Pizza Prince,"1232 N Main ave. Scranton. PA 18508",41.4061, -75.6627
320,7.5,Maronis Pizza House,"1231 S Main ave. Scranton. PA 18504",41.4059, -75.6645
320,7.5,Pennachios,"4 Eastwood Dr. Manorville. NY 11949",40.8678, -72.8387
320,7.5,Pops Pizzas,"107 W 4th st. New York. NY 10012",40.7320, -73.9977
320,7.5,Love & Dough,"65 Washington st. Brooklyn. NY 11201",40.7042, -73.9983
320,7.5,Mama's Pizza,"2659 S Robert st. Saint Paul. MN 55118",44.8872, -93.1052
320,7.5,Empire Slice House,"1734 NW 16th st. Oklahoma City. OK 73106",35.4703, -97.5294
320,7.5,Santucci's Original Square Pizza,"6030 Roosevelt Blvd. Philadelphia. PA 19149",40.0195, -75.0719
320,7.5,Kinchley's Tavern,"136 E Ramsey ave. Ramsey. NJ 07446",41.0669, -74.1136
320,7.5,Pizza Town USA,"7 Market st. Elmwood Park. NJ 07407",40.8874, -74.0865
320,7.5,Da Nonna Rosa,"6816 3rd ave. Brooklyn. NY 11220",40.6054, -73.9870
320,7.5,Palio Pizzeria,"4 Crowell Rd. Hyannis. MA 02601",41.6582, -70.2937
320,7.5,Louie's Pizza,"420 Washington st. Woburn. MA 01801",42.4793, -71.1202
320,7.5,Royal Pizza,"1280 Broadway. New York. NY 10001",40.7485, -73.9857
357,7.4,Da Legna at Nolo,"84 Wall st. New Haven. CT 06511",41.3083, -72.9279
357,7.4,Brozinni Pizzeria at Speedway,"5524 W 10th st. Speedway. IN 46224",39.7870, -86.2585
357,7.4,Massa Cafe Italiano,"7318 W North ave. Elmwood Park. IL 60706",41.8793, -87.7947
357,7.4,Taormina,"199 McLean Blvd. Paterson. NJ 07504",40.9168, -74.1718
357,7.4,Bonci Pizzeria,"161 N Morgan st. Chicago. IL 60607",41.9101, -87.6475
357,7.4,Villaggio's Italiano Restaurant,"50 N Central ave. Hartsdale. NY 10530",41.0275, -73.7917
357,7.4,Raceway Pizza & Ristorante,"2415 Central ave. Yonkers. NY 10710",40.9380, -73.8975
357,7.4,Coalfire,"1321 W Grand ave. Chicago. IL 60642",41.9167, -87.6479
357,7.4,Coalfire,"1321 W Grand ave. Chicago. IL 60642",41.9167, -87.6479
357,7.4,Apizza Brooklyn,"7505 NW 14th st. Miami. FL 33126",25.7617, -80.1918
357,7.4,Arturo's Osteria & Pizzeria,"181 Maplewood ave. Maplewood. NJ 07040",40.7304, -74.2657
357,7.4,Three Guys From Italy,"2 N 5th st. Kenilworth. NJ 07033",40.9372, -74.0979
357,7.4,Ferazzoli's Italian Kitchen,"238 N Franklin Turnpike. Rutherford. NJ 07070",40.8655, -74.1014
357,7.4,Barcelona's Restaurant,"57 Market st. Garfield. NJ 07026",40.8775, -74.1061
357,7.4,Randazzo's Pizzeria,"6245 Ridge ave. Philadelphia. PA 19128",40.0195, -75.0719
357,7.4,Death By Pizza,"88 E 3rd st. New York. NY 10003",40.7180, -73.9905
357,7.4,Frisco's Pizza,"1692 State st. New Haven. CT 06511",41.3083, -72.9279
357,7.4,Enzo Claudio Pizzeria,"1577 1st ave. New York. NY 10028",40.7350, -73.9925
357,7.4,Palermo's Cafe & Bakery,"305 Main st. Little Ferry. NJ 07643",40.8581, -74.0908
357,7.4,Franzone's Pizzeria,"2344 Main st. Manayunk. PA 19127",40.0175, -75.2173
357,7.4,Montesini Pizza,"3700-3702 Brown st. Philadelphia. PA 19140",40.0264, -75.2419
357,7.4,Giovani's Bar & Grill,"3846 Germantown ave. Philadelphia. PA 19140",40.0230, -75.1001
357,7.4,Pietro's Pizza,"1313 S 8th st. Philadelphia. PA 19147",39.9475, -75.1745
357,7.4,La Nonna Krispy Krust Pizza,"1563 86th st. Brooklyn. NY 11228",40.6125, -73.9590
357,7.4,Side Piece Pizza,"3545 S Las Vegas Blvd. Las Vegas. NV 89109",36.1698, -115.1398
357,7.4,Pizza Wagon,"1245 10th ave. Brooklyn. NY 11215",40.6987, -73.9752
357,7.4,Bonnie & Clydes Pizza Parlor,"1719 W Main st. Louisville. KY 40203",38.2549, -85.7585
357,7.4,Figs by Todd English,"4 Liberty Dr. Boston. MA 02210",42.3635, -71.0972
357,7.4,Pizzeria Beddia,"1313 S 9th st. Philadelphia. PA 19147",39.9781, -75.2382
357,7.4,Union Park Pizza,"9 Union Park st. Boston. MA 02118",42.3552, -71.0673
357,7.4,Resca,"253 E 7th st. New York. NY 10009",40.7441, -73.9932
357,7.4,Rosas Pizza,"67-22 Grand ave. Maspeth. NY 11378",40.7269, -73.9079
357,7.4,Pizza Garden,"20-25 123rd st. Flushing. NY 11356",40.7607, -73.8302
357,7.4,Sams,"408 5th ave. Brooklyn. NY 11215",40.6772, -73.9966
357,7.4,Lombardos,"450 Mamaroneck ave. White Plains. NY 10605",41.0243, -73.7493
357,7.4,Revellos Pizza,"500 Main st. Old Forge. PA 18642",41.5072, -75.4092
357,7.4,Marinara Pizza,"97 Avenue A. New York. NY 10009",40.7128, -74.0060
357,7.4,Vitos Slices and Ices,"149 3rd ave. New York. NY 10003",40.7311, -73.9885
357,7.4,Lucille,"152 W Washington ave. Madison. WI 53703",43.0731, -89.4012
357,7.4,Nolita Pizza,"27 Prince st. New York. NY 10012",40.7228, -73.9954
357,7.4,Salvatores Tomato Pies,"206 State st. Madison. WI 53703",43.0731, -89.4012
357,7.4,Vinos Pizza,"1825 Township Line Rd. Lafayette Hill. PA 19444",40.1015, -75.2570
357,7.4,DOUGH By Licastri,"4255 Hylan Blvd. Staten Island. NY 10308",40.6408, -74.0977
357,7.4,Caserta Pizzeria,"121 Spruce st. Providence. RI 02903",41.8237, -71.4101
357,7.4,Providence Coal Fired Pizza,"24 Federal Hill. Providence. RI 02903",41.8237, -71.4101
357,7.4,Elegante Pizzeria,"1571 86th st. Brooklyn. NY 11228",40.6367, -73.9743
357,7.4,Jets Pizza,"215 E 4th st. New York. NY 10003",40.7117, -73.9989
357,7.4,Hi-Class Pizza,"67-09 221st st. Bellerose. NY 11426",40.7302, -73.7495
357,7.4,Pizza Time Ristorante,"7901 Glades Rd. Boca Raton. FL 33434",26.3737, -80.1062
357,7.4,Remos,"1001 High Ridge Rd. Stamford. CT 06905",41.1256, -73.5632
357,7.4,Romeos,"3431 Route 9. Freehold. NJ 07728",40.2516, -74.2735
357,7.4,Alfredos Pizza Cafe,"1506 N Washington ave. Scranton. PA 18509",41.4074, -75.6617
357,7.4,Colombos Cafe & Pastries,"400 Main st. Hyannis. MA 02601",41.6540, -70.2874
357,7.4,Fierros Pizza,"175 Main st. East Hampton. NY 11937",40.9637, -72.1815
357,7.4,Pequod's Pizzeria,"2207 N Clybourn ave. Chicago. IL 60614",41.9029, -87.6956
357,7.4,GoreMade Pizza,"2100 W Lane ave. Columbus. OH 43205",39.9632, -83.0005
357,7.4,Marcello's Pizza & Subs,"3750 Clairmont Rd. Atlanta. GA 30319",33.7605, -84.3753
357,7.4,Napoli's Brick Oven Pizza,"1103 Willow ave. Hoboken. NJ 07030",40.7484, -74.0292
357,7.4,The Woodstock,"175 5th ave. New York. NY 10010",40.7222, -73.9969
357,7.4,Justino's Pizzeria,"230 E 3rd st. New York. NY 10009",40.7359, -73.9892
357,7.4,Stage Door Pizza,"2853 8th ave. New York. NY 10023",40.7324, -73.9943
357,7.4,Filaga Pizzeria,"309 E 8th st. New York. NY 10009",40.7319, -73.9884
357,7.4,L & B Spumoni Gardens,"2725 86th st. Brooklyn. NY 11223",40.6090, -73.9780
357,7.4,Ciro's Pizzeria & Beerhouse,"3663 Midway Dr. San Diego. CA 92110",32.7540, -117.1449
357,7.4,Mama Mia's Restaurant,"6 Roosevelt Dr. Saratoga Springs. NY 12866",43.0839, -73.8073
357,7.4,Dani's House of Pizza,"79-01 Lefferts Blvd. Kew Gardens. NY 11415",40.7180, -73.8307
357,7.4,Brooklyn's Homeslice Pizzeria,"69 5th ave. Brooklyn. NY 11217",40.6939, -73.9777
357,7.4,Paulie Gee's Slice Shop,"60 Greenpoint ave. Brooklyn. NY 11222",40.6946, -73.9783
357,7.4,Margherita NYC,"223 E 10th st. New York. NY 10003",40.7359, -73.9868
357,7.4,Il Piccolo Bufalo,"223 E 10th st. New York. NY 10003",40.7493, -73.9923
357,7.4,Gnocco,"137 E 13th st. New York. NY 10003",40.7311, -73.9987
357,7.4,Fusaro's,"35 Washington st. Nantucket. MA 02554",41.2879, -70.0995
357,7.4,BAR,"254 Crown st. New Haven. CT 06511",41.3083, -72.9279
357,7.4,Rosemary's Pizza,"18 E 12th st. New York. NY 10003",40.7284, -73.9830
357,7.4,Upside Pizza,"125 E 10th st. New York. NY 10003",40.7429, -73.9994
357,7.4,Prova Pizzabar,"58 7th Ave S. New York. NY 10014",40.7288, -73.9977
357,7.4,Famous Famiglia Pizzeria,"1568 Broadway. New York. NY 10036",40.7454, -73.9985
357,7.4,Moustache Pitza,"1821 Amsterdam ave. New York. NY 10031",40.7282, -73.9934
357,7.4,Frankie's Pizza,"2055 NW 2nd ave. Miami. FL 33127",25.7617, -80.1918
357,7.4,Giorgio's Pizza,"1322 W 86th st. Indianapolis. IN 46260",39.7684, -86.1580
437,7.3,Round Swamp Farm,"354 W Lake Dr. Montauk. NY 11954",41.0370, -71.9566
437,7.3,Unregular Pizza,"118 E 7th st. New York. NY 10009",40.7306, -73.9927
437,7.3,Prince Street Pizza,"53 Prince st. Miami. FL 33130",25.7617, -80.1918
437,7.3,Pizzeria Ora,"1000 W Armitage ave. Chicago. IL 60614",41.9124, -87.6747
437,7.3,Low Fidelity,"364 Communipaw ave. Jersey City. NJ 07304",40.7193, -74.0735
437,7.3,Sauce & Barrel,"97 E 7th st. New York. NY 10009",40.7275, -73.9812
437,7.3,Pizza Pazza,"1200 6th st. Miami. FL 33136",25.7765, -80.1978
437,7.3,Inattesco Pizzabar,"43-45 9th ave. New York. NY 10011",40.7420, -74.0031
437,7.3,Nicholas Barrel & Roost."17 Monmouth st. Red Bank. NJ 07701",40.3477, -74.0725
437,7.3,Venice Pizza & Trattoria,"74 Waller ave. North White Plains. NY 10601",41.0317, -73.7761
437,7.3,Little Italian Pizza,"2048 N Dixie Hwy. Pompano Beach. FL 33060",26.2382, -80.1322
437,7.3,Crispelli's Bakery & Pizzeria,"12 Mile Rd. Berkley. MI 48072",42.5486, -83.2140
437,7.3,Terre Del Sapore,"1001 S Miami ave. Coral Gables. FL 33130",25.7467, -80.1912
437,7.3,Crispelli's Bakery & Pizzeria,"12 Mile Rd. Berkley. MI 48072",42.5486, -83.2140
437,7.3,Crispelli's Bakery & Pizzeria,"12 Mile Rd. Berkley. MI 48072",42.5486, -83.2140
437,7.3,Deluca's Restaurant,"700 N Grand ave. Lansing. MI 48906",42.7359, -84.5361
437,7.3,NeoPapalis,"1221 S University ave. Ann Arbor. MI 48104",42.2807, -83.7382
437,7.3,Niki's Pizza,"27412 W 7 Mile Rd. Detroit. MI 48219",42.4344, -83.3043
437,7.3,Santoni's Pizzeria,"318 Lanza ave. Garfield. NJ 07026",40.8742, -74.1070
437,7.3,Tony & Joe's Pizzeria,"1188 E Germantown Pike. Conshohocken. PA 19428",40.1164, -75.3081
437,7.3,Caf Carmela,"2133 E Moyamensing ave. Philadelphia. PA 19145",39.9302, -75.2357
437,7.3,Sam's Boardwalk Style Pizza,"19 S Pennell Rd. Havertown. PA 19083",39.9015, -75.3070
437,7.3,Pizza Rock,"201 E Fremont st. Las Vegas. NV 89101",36.1698, -115.1398
437,7.3,Gennaro's Pizza Parlor,"389 Broadway. Saratoga Springs. NY 12866",43.0856, -73.7862
437,7.3,Paulie Gee's,"60 Greenpoint ave. Brooklyn. NY 11222",40.6946, -73.9783
437,7.3,Pasquale Jones,"190 E 2nd st. New York. NY 10009",40.7246, -73.9978
437,7.3,Baker's Pizza,"266 1st ave. New York. NY 10009",40.7340, -73.9815
437,7.3,Joey's Pizzeria,"68 Old Wharf Rd. Dennis Port. MA 02639",41.7100, -70.1792
437,7.3,Pie Pie Pizza,"217 W 10th st. New York. NY 10014",40.7376, -73.9987
437,7.3,Serafina Broadway,"144 W 41st st. New York. NY 10036",40.7565, -73.9864
437,7.3,Teresa's Brick Oven Pizza & Cafe,"2680 Broadway. New York. NY 10025",40.7306, -73.9980
437,7.3,Harry's Italian Pizza Bar,"235 E 42nd st. New York. NY 10017",40.7549, -73.9776
437,7.3,Marinara Pizza,"241 7th ave. New York. NY 10001",40.7429, -73.9962
437,7.3,Pizza Village,"15 S Elmwood ave. Montauk. NY 11954",41.0370, -71.9566
437,7.3,Tomassos Pizza and Subs,"1 S Military Trl. Boca Raton. FL 33486",26.3737, -80.1062
437,7.3,Pizza Tropical,"2595 NW 79th ave. Miami. FL 33122",25.7765, -80.1978
437,7.3,Giuseppe's Steel City Pizza,"2621 S Ridgewood ave. Port Orange. FL 32129",29.1422, -81.0104
437,7.3,Shelleys Pizza,"255 N River st. Wilkes Barre. PA 18702",41.2505, -75.8873
437,7.3,Campania Coal Fired Pizza,"1001 3rd ave. New York. NY 10022",40.7441, -73.9952
437,7.3,The Brick Fire Baked Pizza,"146 River st. Hoboken. NJ 07030",40.7407, -74.0327
437,7.3,La Nova Pizzeria,"371 Washington st. Buffalo. NY 14203",42.8952, -78.8761
437,7.3,Mary Lous Pizza,"2220 Main st. Old Forge. PA 18642",41.5072, -75.4092
437,7.3,Emilios of Morris Park,"1028 Morris Park ave. Bronx. NY 10462",40.8532, -73.8653
437,7.3,Gigino Trattoria,"37 Greenwich ave. New York. NY 10011",40.7342, -73.9993
437,7.3,Strawberrys Pub & Pizza,"391 Washington st. Woodbridge. NJ 07095",40.5679, -74.2970
437,7.3,Manco & Manco Pizza,"730 Boardwalk. Ocean City. NJ 08226",39.2773, -74.5749
437,7.3,Ninos Pizza & Subs,"4 Beacon st. Boston. MA 02108",42.3601, -71.0587
437,7.3,Freddys Pizzeria,"12-03 150th st. Whitestone. NY 11357",40.7877, -73.8063
437,7.3,House of Pizza & Calzones,"295 3rd ave. Brooklyn. NY 11215",40.6749, -73.9963
437,7.3,Pizza Pazza,"1715 Collins ave. Miami. FL 33139",25.7765, -80.1978
437,7.3,Sauce & Bread,"14 E 1st st. New York. NY 10003",40.7275, -73.9812
488,7.2,Zeneli Pizzeria,"236 College st. New Haven. CT 06510",41.3083, -72.9279
488,7.2,Tommy's Tavern + Tap,"6 Ocean ave. Sea Bright. NJ 07760",40.3331, -73.9991
488,7.2,Joe's Rotisseria,"101 W Westfield ave. Roselle Park. NJ 07204",40.6584, -74.2420
488,7.2,DeSano Pizza Bakery,"115 16th Ave S. Nashville. TN 37203",36.1495, -86.7864
488,7.2,Collins Pizza,"7241 SW 40th st. Miami. FL 33155",25.7529, -80.3323
488,7.2,Zoni's Coal Fired Pizza,"28 W Front st. Red Bank. NJ 07701",40.2220, -74.0719
488,7.2,Cafe La Buca,"1232 N Federal Hwy. Pompano Beach. FL 33062",26.2292, -80.1330
488,7.2,Pie-Sci Pizza,"624 Selden st. Detroit. MI 48217",42.3275, -83.1144
488,7.2,Capri Pizza,"156 N 10th st. Kenilworth. NJ 07033",40.9383, -74.0975
488,7.2,Outta Hand Pizza,"500 South Ave W. Westfield. NJ 07090",40.6480, -74.3471
488,7.2,Pie-Sci Pizza,"624 Selden st. Detroit. MI 48217",42.3275, -83.1144
488,7.2,Beto's Pizza,"333 S Craig st. Pittsburgh. PA 15213",40.4386, -79.9565
488,7.2,Sal & Carmine's Pizza,"1486 3rd ave. New York. NY 10028",40.7771, -73.9571
488,7.2,Pizza Barn,"1737 Central ave. Yonkers. NY 10710",40.9380, -73.8975
488,7.2,Bella Blu,"5203 Avenue N. New York. NY 11234",40.6501, -73.9175
488,7.2,Wedgewood Fernando's Pizza - Austintown,"1680 S Raccoon Rd. Youngstown. OH 44515",41.0270, -80.6795
488,7.2,Sparky's Pizzeria and Grill,"1016 N Highland ave. Jackson. TN 38301",35.6139, -88.8130
488,7.2,Buckhead Pizza,"3650 Howell Mill Rd NW. Atlanta. GA 30327",33.8177, -84.4070
488,7.2,Fellini's Pizza,"933 Peachtree St NE. Atlanta. GA 30309",33.7849, -84.3850
488,7.2,Vesta Wood Fired Pizza & Bar,"140 Park ave. East Rutherford. NJ 07073",40.8622, -74.0845
488,7.2,Mario's Classic Pizza,"503 Washington st. Hoboken. NJ 07030",40.7411, -74.0323
488,7.2,Dona Bella Pizza,"2003 Broadway. New York. NY 10023",40.7359, -73.9962
488,7.2,Emily - West Village,"35 Downing st. New York. NY 10014",40.7314, -74.0014
488,7.2,Good Pie,"505 Fremont st. Las Vegas. NV 89101",36.1698, -115.1398
488,7.2,Corner Slice,"115 St. Marks Pl. New York. NY 10009",40.7276, -73.9865
488,7.2,Caf Crust."15 Hampton Rd. Southampton. NY 11968",40.9639, -72.1874
488,7.2,Proto's Pizza,"237 E 10th st. New York. NY 10003",40.7275, -73.9905
488,7.2,Sophie T's Pizza,"40 Main st. Nantucket. MA 02554",41.2867, -70.0995
488,7.2,Pizza Pete's,"332 E 6th st. New York. NY 10003",40.7317, -73.9819
488,7.2,Cafe Fiorello,"1900 Broadway. New York. NY 10023",40.7343, -73.9882
488,7.2,Company,"210 E 6th st. New York. NY 10003",40.7314, -73.9867
488,7.2,La Leggenda Pizzeria,"400 S Pointe Dr. Miami Beach. FL 33139",25.7778, -80.1370
488,7.2,Sir Pizza,"210 Crandon Blvd. Key Biscayne. FL 33149",25.6942, -80.1625
488,7.2,Dusals Italian Restaurant,"3846 RT 9. Freehold. NJ 07728",40.2516, -74.2735
488,7.2,Contes Pizza,"7103 W Atlantic ave. Delray Beach. FL 33446",26.4573, -80.0824
488,7.2,New England Pizza House No 1,"89 Bearse Rd. Hyannis. MA 02601",41.6582, -70.2937
488,7.2,Johns Pizza Restaurant,"247 Church st. Naugatuck. CT 06770",41.4930, -73.0610
488,7.2,Grandmas Original Pizza,"2107 Avenue U. Brooklyn. NY 11229",40.6024, -73.9284
488,7.2,Maneros Pizza,"3802 10th ave. New York. NY 11109",40.7501, -73.9485
488,7.2,Eleven B,"199 Bleecker st. New York. NY 10012",40.7276, -73.9967
488,7.2,Tommys Pizza,"1065 Westminster st. Providence. RI 02909",41.8375, -71.4190
488,7.2,Al Forno Restaurant,"577 S Water st. Providence. RI 02903",41.8213, -71.4134
488,7.2,Butchertown Pizza Hall,"1201 Story ave. Louisville. KY 40206",38.2452, -85.7550
488,7.2,La Pizza,"5500 Pershing ave. University City. MO 63112",38.6372, -90.3035
488,7.2,Lucia Pizza,"131-09 41st ave. Flushing. NY 11355",40.7552, -73.8241
488,7.2,VIPizza,"36-24 31st st. Bayside. NY 11361",40.7594, -73.7862
488,7.2,Collins Pizza,"10641 SW 42nd st. Miami. FL 33165",25.7529, -80.3323
535,7.1,Talula's,"550 Cookman Ave #108. Asbury Park. NJ 07712",40.2160, -74.0121
535,7.1,Brothers Pizza,"1020 NJ-18. East Brunswick. NJ 08816",40.4273, -74.4170
535,7.1,Byrne's Grilled Pizza,"5615 N Illinois st. Indianapolis. IN 46208",39.8576, -86.1592
535,7.1,Black Magic Pizza,"121 N Bumby ave. Orlando. FL 32803",28.5436, -81.3515
535,7.1,PizzeRizzo,"351 S Studio Dr. Lake Buena Vista. FL 32830",28.3575, -81.5580
535,7.1,Bongiorno's Cucina Italiana & Pizzeria,"405 N Wabash ave. Chicago. IL 60611",41.8903, -87.6268
535,7.1,Pizzeria Portofino,"317 N Clark st. Chicago. IL 60654",41.8885, -87.6315
535,7.1,Spacca Napoli,"1769 W Sunnyside ave. Chicago. IL 60640",41.9636, -87.6743
535,7.1,The Bread Factory,"935 8th ave. New York. NY 10019",40.7653, -73.9846
535,7.1,PIZZANISTA!,"2019 E 7th st. Los Angeles. CA 90021",34.0356, -118.2307
535,7.1,Big Louie's Pizzeria,"3201 N Federal Hwy. Pompano Beach. FL 33064",26.2737, -80.0938
535,7.1,Chicago Pizza and Oven Grinder Company,"2121 N Clark st. Chicago. IL 60614",41.9203, -87.6360
535,7.1,Salerno's Pizza,"1201 W Grand ave. Chicago. IL 60642",41.8917, -87.6583
535,7.1,Piece Brewery & Pizzeria,"1927 W North ave. Chicago. IL 60622",41.9106, -87.6773
535,7.1,Harry's Pizzeria,"3918 N Miami ave. Miami. FL 33127",25.8139, -80.1944
535,7.1,Mootz Pizzeria + Bar,"1230 Library st. Detroit. MI 48226",42.3356, -83.0478
535,7.1,Caf Villa,"180 Shunpike Rd. Chatham Township. NJ 07928",40.7401, -74.4173
535,7.1,"Maxi's Pizza. Subs & Bar","1926 Liacouras Walk. Philadelphia. PA 19122",39.9815, -75.1566
535,7.1,Mineo's Pizza House,"2128 Murray ave. Pittsburgh. PA 15217",40.4320, -79.9234
535,7.1,Pizzeria Stella,"420 S 2nd st. Philadelphia. PA 19147",39.9445, -75.1450
535,7.1,La Pizza Fresca Ristorante,"31 E 20th st. New York. NY 10003",40.7380, -73.9885
535,7.1,Brooklyn Boys Pizza and Deli,"275 NJ-18. East Brunswick. NJ 08816",40.4553, -74.4041
535,7.1,Red's Savoy Pizza,"421 7th St E. St Paul. MN 55101",44.9537, -93.0835
535,7.1,Star Tavern,"400 High st. Orange. NJ 07050",40.7700, -74.2320
535,7.1,Minervinis Pizzeria & Restaurant,"182 CT-80. East Haven. CT 06512",41.3300, -72.8420
535,7.1,Re Sette,"7 W 45th st. New York. NY 10036",40.7562, -73.9803
535,7.1,City Pizza,"365 1st ave. New York. NY 10010",40.7362, -73.9806
535,7.1,La Bellezza Pizza,"145 E 49th st. New York. NY 10017",40.7553, -73.9725
535,7.1,Armand's Pizzeria,"7650 W North ave. Elmwood Park. IL 60707",41.9090, -87.8150
535,7.1,Geo's Pizza,"3257 W Bryn Mawr ave. Chicago. IL 60659",41.9830, -87.7110
535,7.1,Villa Pizza,"525 7th ave. New York. NY 10018",40.7527, -73.9903
535,7.1,The Wig & Pen Pizza Pub,"1220 US-6. Iowa City. IA 52246",41.6610, -91.5300
535,7.1,Avalon Downtown Pizzeria,"17 W Federal st. Youngstown. OH 44503",41.1000, -80.6500
535,7.1,IL Brigante,"214 Front st. New York. NY 10038",40.7070, -74.0030
535,7.1,Salernos Cafe,"139 Moosic Rd. Old Forge. PA 18518",41.3700, -75.7400
535,7.1,Todaro Pizza,"105 Sloan st. Clemson. SC 29631",34.6830, -82.8370
535,7.1,Post Office Pies,"209 41st St S. Birmingham. AL 35222",33.5286, -86.7743
535,7.1,Feroce Ristorante,"105 W 28th st. New York. NY 10001",40.7465, -73.9903
535,7.1,Fellini Pizzeria,"166 Wickenden st. Providence. RI 02903",41.8190, -71.3983
535,7.1,Benny Marzano's,"110 Draper Rd NW. Blacksburg. VA 24060",37.2296, -80.4164
535,7.1,Cosmo's Original Little Italy Pizza,"1447 McLendon Ave NE. Atlanta. GA 30307",33.7645, -84.3400
535,7.1,Cucina Bene,"1393A 2nd ave. New York. NY 10021",40.7685, -73.9570
535,7.1,Majestic Pizza,"8 Cortlandt st. New York. NY 10007",40.7101, -74.0103
535,7.1,Eddie & Sam's NY Pizza,"203 E Twiggs st. Tampa. FL 33602",27.9493, -82.4586
535,7.1,DC Pie - Brickell,"1010 Brickell ave. Miami. FL 33131",25.7635, -80.1914
535,7.1,Porta,"135 Newark ave. Jersey City. NJ 07302",40.7216, -74.0466
535,7.1,Emporio,"231 Mott st. New York. NY 10012",40.7226, -73.9950
535,7.1,Sorbillo Pizzeria,"334 Bowery. New York. NY 10012",40.7250, -73.9925
535,7.1,Dirty Water Dough,"222 Newbury st. Boston. MA 02116",42.3496, -71.0826
535,7.1,Vinnie's Pizzeria,"148 Bedford ave. Brooklyn. NY 11249",40.7170, -73.9570
535,7.1,Kiss My Slice,"274 W 40th st. New York. NY 10018",40.7553, -73.9890
535,7.1,Il Corallo Trattoria,"172 Prince st. New York. NY 10012",40.7255, -74.0007
535,7.1,New York Sal's Pizza,"696 10th ave. New York. NY 10019",40.7640, -73.9910
535,7.1,Uncle Mario's Brick Oven Pizza,"739 9th ave. New York. NY 10019",40.7635, -73.9880
535,7.1,Grafa Pizza,"1601 Collins ave. Miami Beach. FL 33139",25.7906, -80.1300
535,7.1,Nick's Pizza,"137 NE 2nd ave. Deerfield Beach. FL 33441",26.3180, -80.0990
535,7.1,Main Street Pizza Company,"256 Main st. Farmingdale. NY 11735",40.7326, -73.4450
535,7.1,Capizzi,"547 9th ave. New York. NY 10018",40.7560, -73.9930
535,7.1,P&G Pizza and Deli,"82 Main st. Southampton. NY 11968",40.8840, -72.3890
535,7.1,Villa Milano,"55 Northern Blvd. Great Neck. NY 11021",40.7740, -73.7260
535,7.1,Zia Maria-Chelsea,"318 8th ave. New York. NY 10001",40.7460, -73.9980
535,7.1,Lions & Tigers & Squares Detroit Pizza,"268 W 23rd st. New York. NY 10011",40.7440, -73.9960
535,7.1,BarDough,"350 W 46th st. New York. NY 10036",40.7600, -73.9900
535,7.1,LowBrow Pizza & Beer,"3148 Tamiami Trail E. Naples. FL 34112",26.1320, -81.7760
599,7,Picassos Pizza,"6812 Transit Rd. Buffalo. NY 14221",42.9820, -78.6960
599,7,Brier Hill Pizza & Wings,"107 S Meridian Rd. Youngstown. OH 44509",41.1030, -80.7000
599,7,Fiore's Pizza,"165 Bleecker st. New York. NY 10012",40.7280, -74.0000
602,6.9,Michael's Ali Coal Fired Pizza,"1510 E Buena Vista Dr. Lake Buena Vista. FL 32830",28.3700, -81.5200
602,6.9,The Big Cheese,"8080 SW 67th ave. Miami. FL 33143",25.6940, -80.3050
602,6.9,Alibi of Troy,"6700 Rochester Rd. Troy. MI 48085",42.6090, -83.1280
602,6.9,Bell's Greek Pizza,"1135 E Grand River ave. East Lansing. MI 48823",42.7370, -84.4710
602,6.9,Buon Pane Italiano Bakery,"729 5th st. Miami Beach. FL 33139",25.7740, -80.1350
602,6.9,Campus Corner,"123 Campus Corner Rd. Villanova. PA 19085",40.0349, -75.3373
602,6.9,Aumm Aumm,"1000 River Rd. North Bergen. NJ 07047",40.7934, -74.0007
602,6.9,Imperial Pizza,"1633 Providence Rd. Secane. PA 19018",39.9168, -75.3089
602,6.9,Tony's Famous Tomato Pie,"2309 W Seltzer ave. Philadelphia. PA 19144",39.9509, -75.1575
602,6.9,Nino's 46,"154 W 46th st. New York. NY 10036",40.7457, -73.9847
602,6.9,Mariella Pizza,"2757 Broadway. New York. NY 10025",40.7491, -73.9909
602,6.9,Sicilia Fine Italian Specialties,"1316 W Lane ave. Columbus. OH 43221",39.9612, -82.9988
602,6.9,Girello,"229 E 53rd st. New York. NY 10022",40.7246, -73.9963
602,6.9,Bleecker Street Pizza,"69 Bleecker st. New York. NY 10012",40.7292, -73.9974
602,6.9,Steve's Pizza,"10125 NW 12th ave. Miami. FL 33168",25.7697, -80.2219
602,6.9,Pizza Girls WPB,"6011 South Dixie Hwy. West Palm Beach. FL 33405",26.7153, -80.0553
602,6.9,Juliana's Pizza,"19 Old Fulton st. Brooklyn. NY 11201",40.7010, -73.9965
602,6.9,Rocco's Pizzeria,"27 Main st. Vineyard Haven. MA 02568",41.4520, -70.6021
602,6.9,Mama's Pizzeria,"1052 2nd ave. New York. NY 10022",40.7404, -73.9935
602,6.9,Joe G Pizza & Restaurant,"2033 1st ave. New York. NY 10029",40.7340, -73.9881
602,6.9,Ovest Pizzoteca by Luzzo's,"169 7th Ave S. New York. NY 10014",40.7377, -74.0024
602,6.9,10th Avenue Pizza & Cafe,"154 10th ave. New York. NY 10011",40.7435, -73.9982
602,6.9,Gotham Pizza,"169 W 4th st. New York. NY 10014",40.7345, -73.9999
602,6.9,Village Pizza,"103 W 10th st. New York. NY 10014",40.7333, -73.9961
602,6.9,Anthonys,"421 Main st. Watertown. CT 06795",41.6166, -73.3774
602,6.9,Belltown Pizza,"404 Belltown Rd. Stamford. CT 06902",41.0874, -73.5374
602,6.9,M & S Pizza II,"401 Rt 46. Rockaway Township. NJ 07866",40.8824, -74.4699
602,6.9,Prova Pizzabar,"400 E 57th st. New York. NY 10022",40.7440, -73.9703
602,6.9,Biga Contemporary Pizza,"286 7th ave. New York. NY 10001",40.7455, -73.9997
602,6.9,Famous Calabria,"2185 8th ave. New York. NY 10027",40.7471, -73.9792
602,6.9,Sotto 13,"139 E 13th st. New York. NY 10003",40.7329, -73.9939
602,6.9,Glenville Pizza,"18 Glenville Rd. Greenwich. CT 06831",41.0330, -73.6652
602,6.9,Pizzeria Lola,"5205 Nicollet ave. Minneapolis. MN 55419",44.9224, -93.2764
602,6.9,The Big Cheese,"1100 5th st. Miami. FL 33101",25.7704, -80.1871
636,6.8,Abate Apizza & Restaurant,"99 Trumbull st. New Haven. CT 06510",41.3083, -72.9279
636,6.8,IL Forno Brick Oven Pizza,"301 Secaucus Rd. Secaucus. NJ 07094",40.7843, -74.0689
636,6.8,L'Antica Pizzeria da Michele,"1534 N McCadden Pl. Los Angeles. CA 90028",34.0836, -118.3607
636,6.8,Aurelio's Pizza,"500 W 175th st. Homewood. IL 60430",41.6187, -87.6696
636,6.8,Banchero Miami,"1413 Collins ave. Miami Beach. FL 33139",25.7680, -80.1345
636,6.8,Art Of Pizza,"3030 N Southport ave. Chicago. IL 60657",41.9132, -87.6824
636,6.8,Ottava Via,"520 W 7 Mile Rd. Detroit. MI 48203",42.3312, -83.0452
636,6.8,Pucci's Pizza,"14001 Biscayne Blvd. Miami. FL 33181",25.7529, -80.3323
636,6.8,Frank's Pizzeria,"1235 Broad st. Newark. NJ 07104",40.7357, -74.1724
636,6.8,Pizza Rustica,"1801 Collins ave. Miami Beach. FL 33139",25.7723, -80.1349
636,6.8,Pucci's Pizza,"14001 Biscayne Blvd. Miami. FL 33181",25.7529, -80.3323
636,6.8,Ottava Via,"520 W 7 Mile Rd. Detroit. MI 48203",42.3312, -83.0452
636,6.8,Georgio's Pizza,"2214 Abbot Rd. East Lansing. MI 48823",42.7369, -84.4839
636,6.8,Nino's AQ,"69-46 108th st. Queens. NY 11375",40.7496, -73.9572
636,6.8,Fratelli La Bufala,"1450 Collins ave. Miami Beach. FL 33139",25.7616, -80.1355
636,6.8,Piazza Di Pizza,"80 Moonachie ave. Moonachie. NJ 07074",40.8595, -74.0704
636,6.8,Philly Style Pizza,"1401 Spring Garden st. Philadelphia. PA 19130",39.9311, -75.1653
636,6.8,Tony Novante's Pizza and Wing Boss,"1411 Summit ave. Union City. NJ 07087",40.6697, -74.1177
636,6.8,Pasta by Hudson,"63 Hudson st. New York. NY 10013",40.7407, -73.9927
636,6.8,Enjay's Pizza,"1904 W Girard ave. Philadelphia. PA 19130",40.0353, -75.2492
636,6.8,Zio's Brick Oven Pizza,"1800 9th ave. Philadelphia. PA 19103",40.0385, -75.1579
636,6.8,MAMA'S TOO!,"2887 Broadway. New York. NY 10025",40.7984, -73.9700
636,6.8,Cossetta Alimentari,"211 7th St W. Saint Paul. MN 55102",44.9391, -93.0931
636,6.8,Football Pizza,"1010 S Washington ave. Minneapolis. MN 55455",44.9767, -93.2413
636,6.8,Casabianca Pizzeria,"1328 3rd ave. New York. NY 10021",40.7370, -73.9911
636,6.8,Palermo's 95th,"9517 S Cicero ave. Oak Lawn. IL 60453",41.7213, -87.7437
636,6.8,Pizza House,"107 N Main st. Ann Arbor. MI 48104",42.2817, -83.7485
636,6.8,Belleria Pizzeria,"4265 Mahoning ave. Youngstown. OH 44515",41.0997, -80.6483
636,6.8,Imperial Pizza,"1180 Englewood ave. Buffalo. NY 14223",42.9436, -78.8682
636,6.8,Slice Downtown,"1491 Peachtree st. Atlanta. GA 30309",33.7556, -84.3910
636,6.8,The Original Goodfella's Brick Oven Pizza,"1715 Hylan Blvd. Staten Island. NY 10306",40.6290, -74.0700
636,6.8,Tony Boloney's,"263 1st st. Hoboken. NJ 07030",40.7437, -74.0322
636,6.8,Benny Tudino's Pizzeria,"622 Washington st. Hoboken. NJ 07030",40.7431, -74.0304
636,6.8,SIM PIZZA,"174 2nd ave. New York. NY 10003",40.7301, -73.9932
636,6.8,Starbucks Reserve Roastery,"61 9th ave. New York. NY 10011",40.7415, -73.9945
636,6.8,Little Vincent's Pizza,"184 Broadway. Huntington. NY 11743",40.8807, -73.4231
636,6.8,Melani Pizzeria,"1320 1st ave. New York. NY 10021",40.7203, -73.9961
636,6.8,Giordano's Restaurant,"13B Oak Bluffs ave. Oak Bluffs. MA 02557",41.4542, -70.5601
636,6.8,1000 Degrees Neapolitan Pizzeria,"1945 7th ave. Boston. MA 02115",42.3584, -71.0593
636,6.8,Bricco Ristorante Italiano,"305 Washington st. New York. NY 10007",40.7422, -73.9983
636,6.8,Nizza,"248 E 52nd st. New York. NY 10022",40.7334, -73.9891
636,6.8,Aperitivo Pizza Bar,"163 W 8th st. New York. NY 10011",40.7394, -73.9922
636,6.8,La Trattoria,"143 E 14th st. New York. NY 10003",40.7331, -73.9897
636,6.8,Garlic New York Pizza Bar,"480 Broadway. New York. NY 10013",40.7339, -73.9906
636,6.8,Posto,"123 7th ave. New York. NY 10011",40.7350, -73.9914
636,6.8,J's Pizza,"785 9th ave. New York. NY 10019",40.7341, -73.9921
636,6.8,Vinnys Restaurant & Pizzeria,"18 Church st. Naugatuck. CT 06770",41.4895, -73.0506
636,6.8,Andiamo,"2801 N Miami ave. Miami. FL 33127",25.7951, -80.1359
636,6.8,Rose & Joes Italian Bakery,"3530 31st st. Astoria. NY 11106",40.7582, -73.9180
636,6.8,Pizza Brain,"1708 Frankford ave. Philadelphia. PA 19125",39.9802, -75.1579
636,6.8,Frankie Feds,"1 Main st. Freehold. NJ 07728",40.2451, -74.2741
636,6.8,Pizza Time Restaurant,"208 Avenel st. Avenel. NJ 07001",40.5877, -74.3000
636,6.8,Brooklyn Boys Pizza & Pasta,"2240 NW 19th st. Boca Raton. FL 33431",26.3737, -80.1062
636,6.8,Vinnies Pizzeria & Ristorante,"490 Main st. Boonton. NJ 07005",40.8925, -74.402
636,6.8,Foggy Bakery & BBQ,"34 Washington st. Nantucket. MA 02554",41.2879, -70.0995
636,6.8,British Beer Company,"460 Main st. Hyannis. MA 02601",41.7087, -70.2887
636,6.8,Pizza Barbone,"309 Main st. Hyannis. MA 02601",41.6543, -70.2891
636,6.8,Astros Pizza,"81 Main st. Amagansett. NY 11930",40.9644, -72.1856
636,6.8,Hard Knox Pizzeria,"1111 N Central st. Knoxville. TN 37917",35.9670, -83.9204
636,6.8,Pizza Brutta,"1319 S Park st. Madison. WI 53715",43.0743, -89.3862
636,6.8,Spinellis Pizzeria,"2121 Frankfort ave. Louisville. KY 40206",38.2504, -85.7305
636,6.8,MEZZE Kosher Restaurant & Pizzeria,"97-31 63rd Dr. Rego Park. NY 11374",40.7250, -73.8529
636,6.8,Saverios Authentic Pizza Napoletana,"5500 Sunrise Hwy. Massapequa. NY 11758",40.6939, -73.4257
636,6.8,Artistic Pizza,"1445 E 12th st. New York. NY 10009",40.7280, -73.9964
636,6.8,Cascarinos Brick Oven Pizzeria & Ristorante,"149-23 14th ave. Whitestone. NY 11357",40.7850, -73.8154
636,6.8,Krave It Sandwich Shop & Eatery,"41-10 235th st. Bayside. NY 11361",40.7664, -73.7565
636,6.8,Pizza 7,"1033 Broadway. Saratoga Springs. NY 12866",43.0839, -73.8073
636,6.8,Claudio Pizzeria,"161 E 100th st. New York. NY 10029",40.7867, -73.9474
636,6.8,East Side Pizza,"4201 NE 2nd ave. Miami. FL 33137",25.7927, -80.1953
705,6.7,Medusa Stone Fired Kitchen,"527 Cookman ave. Asbury Park. NJ 07712",40.2097, -74.1023
705,6.7,Pasquale's Pizza & Pasta,"5217 N College ave. Indianapolis. IN 46220",39.8707, -86.1405
705,6.7,I Love Pizza,"643 Collins ave. Miami Beach. FL 33139",25.7732, -80.1315
705,6.7,Delicious Pizza,"11618 Washington Blvd. Los Angeles. CA 90066",34.0289, -118.4351
705,6.7,Zuccarelli,"2750 E Atlantic Blvd. Pompano Beach. FL 33062",26.2500, -80.1145
705,6.7,Leo's Pizza,"7850 NW 36th st. Miami. FL 33166",25.8242, -80.3070
705,6.7,New York Pizza & Restaurant,"3805 SW 87th ave. Miami. FL 33165",25.7177, -80.3413
705,6.7,Trattoria Napoli,"3407 Bergenline ave. Union City. NJ 07087",40.7736, -74.0273
705,6.7,In Riva,"1001 N 2nd st. Philadelphia. PA 19123",39.9613, -75.1417
705,6.7,Gennaro's Pizza,"201 S Craig st. Pittsburgh. PA 15213",40.4389, -79.9570
705,6.7,Tre Sorelle,"178 E 78th st. New York. NY 10075",40.7716, -73.9551
705,6.7,John & Tony's,"1327 1st ave. New York. NY 10021",40.7475, -73.9745
705,6.7,Filippi's Pizza Grotto Pacific Beach,"5034 Cass st. San Diego. CA 92109",32.7979, -117.2527
705,6.7,Fino Wood Fired Pizza & Bar,"145 W Main st. Watertown. CT 06795",41.6032, -73.2455
705,6.7,Village Pizzeria,"86 S Tyson ave. Floral Park. NY 11001",40.7303, -73.6887
705,6.7,Giovannis Pizzeria & Restaurant,"94 Washington st. Hoboken. NJ 07030",40.7421, -74.0324
705,6.7,Strongs Brick Oven Pizzeria,"74 E Main st. Lawrenceburg. IN 47025",39.4172, -84.8946
705,6.7,Villa Monte Restaurant,"4759 Hylan Blvd. Staten Island. NY 10312",40.5510, -74.1735
705,6.7,Franco & Vinnys,"2481 E Commercial Blvd. Fort Lauderdale. FL 33308",26.1980, -80.1215
705,6.7,Millies Old World Meatballs & Pizza,"28 E Park Pl. Morristown. NJ 07960",40.7960, -74.4779
705,6.7,Cittanuova,"107 N Main st. East Hampton. NY 11937",40.9675, -72.1816
705,6.7,Crust."2197 Lee Rd. Cleveland. OH 44118",41.5256, -81.5504
705,6.7,Pepperonis,"49 Gingerbread Ln. East Hampton. NY 11937",40.9647, -72.1810
705,6.7,Rosa's Pizza,"66-30 Metropolitan ave. Middle Village. NY 11379",40.7297, -73.8946
705,6.7,Sal's Pizzeria,"1281 86th st. Brooklyn. NY 11228",40.6110, -73.9899
705,6.7,Rinas Pizzeria & Cafe,"271 Newbury st. Boston. MA 02115",42.3581, -71.0933
705,6.7,Eataly Boston,"800 Boylston st. Boston. MA 02199",42.3601, -71.0625
705,6.7,La Mia Pizza,"246 E 51st st. New York. NY 10022",40.7545, -73.9756
705,6.7,Buchetta Brick Oven Pizza,"127 E 13th st. New York. NY 10003",40.7324, -73.9906
705,6.7,Primavera Pizza & Pasta,"75 2nd ave. New York. NY 10003",40.7335, -73.9923
705,6.7,Shakespeares Pizza - Downtown,"225 N 9th st. Columbia. MO 65201",38.9549, -92.3263
705,6.7,Via Trenta Pizzoteca,"111 E 14th st. New York. NY 10003",40.7327, -73.9915
705,6.7,PeppeBronis Pizza,"1238 University ave. Morgantown. WV 26505",39.6334, -79.9557
705,6.7,Davenports Pizza Palace,"4001 Green Valley Rd. Mountain Brook. AL 35243",33.5016, -86.7459
705,6.7,Faccia Luna Pizzeria,"231 E Calder Way. State College. PA 16801",40.7950, -77.8574
705,6.7,Federal Hill Pizza Providence,"93 Ives st. Providence. RI 02906",41.8236, -71.4009
705,6.7,Beebes,"41-27 Crescent st. Long Island City. NY 11101",40.7457, -73.9480
705,6.7,Dragon By The Sea,"7 Old South Rd. Nantucket. MA 02554",41.2856, -70.0990
744,6.6,Johnny Mac House of Spirits,"208 Main st. Asbury Park. NJ 07712",40.2181, -74.1360
744,6.6,Miami's Best Pizza,"1560 S Dixie Hwy. Coral Gables. FL 33146",25.7402, -80.2570
744,6.6,Tonelli's,"1037 N Bethlehem Pike. Lafayette Hill. PA 19444",40.1426, -75.2415
744,6.6,Allegro Pizza and Grill,"8025 Germantown ave. Philadelphia. PA 19118",40.0741, -75.2141
744,6.6,Allegro Pizza and Grill,"8025 Germantown ave. Philadelphia. PA 19118",40.0741, -75.2141
744,6.6,Marios Pizzeria Massapequa,"4806 Merrick Rd. Massapequa. NY 11758",40.7157, -73.4691
744,6.6,Broders Cucina Italiana,"5000 Penn ave. Minneapolis. MN 55419",44.9571, -93.2910
744,6.6,Mikes Pizza Palace,"2083 New Haven Rd. Naugatuck. CT 06770",41.5563, -73.0552
744,6.6,Sazio,"130 S Military Trail. Delray Beach. FL 33484",26.4623, -80.1139
744,6.6,Colasante's Ristorante & Pub,"811 Fairmont Rd. Morgantown. WV 26501",39.6291, -79.9537
744,6.6,Pizza Joint,"1183 Broad st. Augusta. GA 30901",33.4709, -81.9743
744,6.6,Mama Rosa Pizza and Pasta,"121 Union ave. Rutherford. NJ 07070",40.8593, -74.1416
744,6.6,Napoli Pizza,"3240 S Atlantic ave. Daytona Beach. FL 32118",29.2065, -81.0314
744,6.6,Not Ray's Pizza,"1498 Union st. Brooklyn. NY 11213",40.6715, -73.9297
744,6.6,Muzzarella Pizza,"52-20 69th st. New York. NY 11378",40.7403, -73.9007
744,6.6,Pizza Time,"1500 E Broadway. Columbia. MO 65201",38.9512, -92.3345
744,6.6,Union St Pizza,"241 Union st. Brooklyn. NY 11211",40.7072, -73.9529
744,6.6,Galleria Umberto,"289 Hanover st. Boston. MA 02113",42.3664, -71.0544
744,6.6,Chilmark General Store,"7 State Rd. Chilmark. MA 02535",41.3762, -70.6550
744,6.6,Nick's Pizza,"521 9th ave. New York. NY 10018",40.7491, -73.9932
744,6.6,Two Boots West Village,"393 W 11th st. New York. NY 10014",40.7374, -74.0020
744,6.6,Pizza Rollio,"233 E 10th st. New York. NY 10003",40.7319, -73.9926
744,6.6,Cassiano's Pizza,"106-11 Queens Blvd. New York. NY 11375",40.7424, -73.8691
744,6.6,Pizza By Cert,"250 W 55th st. New York. NY 10019",40.7626, -73.9791
744,6.6,Sciortinos Pizza Pasta & M,"619 State st. Perth Amboy. NJ 08861",40.5065, -74.2664
744,6.6,Deweys Pizza,"112 N McKnight Rd. Saint Louis. MO 63124",38.6369, -90.3349
744,6.6,Ribalta Mo,"48 W 10th st. New York. NY 10010",40.7314, -73.9985
771,6.5,Museum of Pizza,"1207 Broadway. Brooklyn. NY 11221",40.6757, -73.9631
771,6.5,Brenz Pizza Co.,"3200 3rd ave. Knoxville. TN 37914",35.9512, -83.9516
771,6.5,Rivington Pizza,"132 Rivington st. New York. NY 10002",40.7202, -73.9847
771,6.5,Square Pizza,"45 4th ave. New York. NY 10003",40.7372, -73.9901
771,6.5,Hope Pizza Restaurant,"467 Hope st. Stamford. CT 06906",41.0995, -73.5289
771,6.5,Pasquales Pizza,"143 Main st. Boonton. NJ 07005",40.8940, -74.4054
771,6.5,Bond 45,"221 W 46th st. New York. NY 10036",40.7595, -73.9890
771,6.5,Casa D'amici,"172 High st. Morgantown. WV 26505",39.6295, -79.9550
771,6.5,Pazzo's Pizza Pub,"3820 Mall Rd. Lexington. KY 40503",38.0160, -84.4824
771,6.5,Lorenzo & Sons Pizza,"2013 S 9th st. Philadelphia. PA 19148",39.9286, -75.1777
771,6.5,Pies on Wheels,"37 Putnam st. Saratoga Springs. NY 12866",43.0850, -73.7885
771,6.5,Oath Pizza - East 67th Street,"139 E 67th st. New York. NY 10065",40.7655, -73.9567
771,6.5,Boomershine Pizzeria,"205 N Main st. Bluff City. TN 37618",36.5459, -82.1678
784,6.4,Siena Pizza & Cannoli,"301 W 45th st. New York. NY 10036",40.7595, -73.9890
784,6.4,Eric Gordon's Greek's Pizzeria,"5320 W 3rd st. Bloomington. IN 47404",39.1732, -86.5421
784,6.4,Nino's Restaurant & Pizzeria,"11 E Essex st. Lodi. NJ 07644",40.8762, -74.0722
784,6.4,Benny Fierro's,"302 S 11th st. Pittsburgh. PA 15203",40.4418, -79.9886
784,6.4,Pizza Al's,"3252 University ave. Morgantown. WV 26505",39.6292, -79.9558
784,6.4,Bearno's By the Bridge,"1115 E Washington st. Louisville. KY 40206",38.2540, -85.7550
784,6.4,The O Patio & Pub,"5266 N High st. Columbus. OH 43214",40.0877, -83.0166
784,6.4,Bruno Bros Pizza,"99 E Ohio ave. Austintown. OH 44515",40.9947, -80.7635
784,6.4,Hawthorne's NY Pizza & Bar,"1401 Central ave. Charlotte. NC 28205",35.2153, -80.8315
784,6.4,Georgio Pizzeria,"870 6th ave. New York. NY 10001",40.7430, -73.9812
784,6.4,Kest Pizza & Vino,"271 Bleecker st. New York. NY 10014",40.7305, -73.9974
784,6.4,Bill's Pizzeria Kitchen + Grille,"200 Main st. Hopkinton. MA 01748",42.2305, -71.5222
784,6.4,Regina Pizzeria,"300 Trolley Line Blvd. Mashantucket. CT 06338",41.4694, -71.9757
784,6.4,Rockys Pizza Bar and Restaurant,"531 7th ave. New York. NY 10018",40.7489, -73.9924
784,6.4,Va Bene,"74 W 68th st. New York. NY 10023",40.7775, -73.9791
784,6.4,Claudio Pizzeria,"131 E 45th st. New York. NY 10017",40.7543, -73.9798
784,6.4,Don Antonio,"309 W 50th st. New York. NY 10019",40.7624, -73.9841
784,6.4,Belmora Pizza & Restaurant,"2645 Jerome ave. New York. NY 10468",40.8697, -73.8947
784,6.4,Siena Pizza,"3060 Bainbridge ave. New York. NY 10467",40.8739, -73.8955
803,6.3,Old Fashioned Pizza,"222 W 23rd st. New York. NY 10011",40.7441, -73.9989
803,6.3,Casolas Pizzeria & Sub Shop,"5421 NW 36th st. Miami. FL 33166",25.8255, -80.3081
803,6.3,Spris,"1450 Collins ave. Miami Beach. FL 33139",25.7732, -80.1315
803,6.3,Margari Pizza,"322 E 59th st. New York. NY 10022",40.7609, -73.9650
803,6.3,Palio Pizzeria,"414 Main st. Hyannis. MA 02601",41.6543, -70.2905
803,6.3,Torino Restaurant and Bar,"50 Main st. Hyannis. MA 02601",41.6524, -70.2892
803,6.3,Dulono's Pizza,"118 S Washington ave. Minneapolis. MN 55455",44.9665, -93.2959
803,6.3,Frank From Philly & Andrea Pizza,"2500 University Ave SE. Minneapolis. MN 55455",44.9742, -93.2353
803,6.3,Sottosuolo NYC,"168 W 72nd st. New York. NY 10023",40.7814, -73.9820
803,6.3,Il Forno Pizza,"19 Avenue B. New York. NY 10009",40.7267, -73.9872
803,6.3,Little Italy Pizza,"172 Mott st. New York. NY 10013",40.7192, -73.9980
803,6.3,Francesca's Restaurant & Pizzeria,"2910 Montauk Hwy. Hampton Bays. NY 11946",40.9636, -72.1857
803,6.3,Sutton Pizzeria,"420 E 59th st. New York. NY 10022",40.7609, -73.9689
803,6.3,B Side Pizza & Wine Bar,"223 E 10th st. New York. NY 10003",40.7302, -73.9934
803,6.3,Tavola,"13 1st ave. New York. NY 10003",40.7325, -73.9924
803,6.3,Kiss My Slice,"274 W 40th st. New York. NY 10018",40.7553, -73.9890
819,6.2,Upper Crust Pizza,"4100 W Vine st. Celebration. FL 34747",28.3231, -81.5544
819,6.2,Green Lantern Pizza,"30353 John R Rd. Madison Heights. MI 48071",42.5042, -83.1030
819,6.2,Axis Pizza,"1327 S 10th st. Philadelphia. PA 19147",39.9411, -75.1594
819,6.2,Hello Pizza,"5003 Vernon ave. Edina. MN 55436",44.8910, -93.3329
819,6.2,Rosellas Pizzeria,"1370 1st ave. New York. NY 10021",40.7361, -73.9576
819,6.2,Imos Pizza,"1741 S Broadway. Saint Louis. MO 63104",38.6117, -90.2433
819,6.2,Casa Barilla,"175 1st ave. New York. NY 10003",40.7321, -73.9972
819,6.2,Pizza Di Roma,"1920 Monroe st. Madison. WI 53711",43.0745, -89.3892
819,6.2,Fortina - Brooklyn,"1612 7th ave. Brooklyn. NY 11228",40.6419, -73.9815
819,6.2,B & W Deli & Pizzeria,"740 9th ave. New York. NY 10019",40.7614, -73.9860
819,6.2,Gino's East - Magnificent Mile,"162 E Superior st. Chicago. IL 60611",41.8922, -87.6244
819,6.2,Krispy Pizza,"639 Newark ave. Jersey City. NJ 07306",40.7281, -74.0715
819,6.2,Rossetti's Pizza,"223 W 72nd st. New York. NY 10023",40.7820, -73.9835
819,6.2,Black Square Pizza,"249 W 48th st. New York. NY 10036",40.7605, -73.9886
819,6.2,Five50 Pizza Bar,"5050 W Sahara ave. Las Vegas. NV 89146",36.1400, -115.2150
819,6.2,Alphonso's Pizzeria & Trattoria,"4315 Broadway. New York. NY 10033",40.8611, -73.9357
819,6.2,Da Gennaro,"2296 1st ave. New York. NY 10035",40.7944, -73.9404
819,6.2,Lombardi's Pizza,"32 Spring st. New York. NY 10012",40.7199, -73.9972
819,6.2,Moto Pizza,"154 Main st. Sandwich. MA 02563",41.7480, -70.5360
819,6.2,Baldie's Pizza & Subs,"1486 Main st. Lakeville. MA 02347",41.9029, -70.9205
819,6.2,Full Moon Pizzeria,"4739 3rd ave. Bronx. NY 10458",40.8623, -73.8957
819,6.2,Broadway Pizza & Restaurant,"104 E 8th st. New York. NY 10003",40.7331, -73.9912
819,6.2,Farinella Bakery Pizza,"321 8th ave. New York. NY 10001",40.7471, -73.9931
819,6.2,Iggy's Pizzeria,"1212 3rd ave. New York. NY 10021",40.7409, -73.9748
819,6.2,Stella's Pizza,"1516 1st ave. New York. NY 10075",40.7770, -73.9593
819,6.2,Famous Original Ray's Pizza,"27 Prince st. New York. NY 10012",40.7211, -73.9989
819,6.2,La Vera Pizzeria & Restaurant,"1556 2nd ave. New York. NY 10075",40.7732, -73.9603
819,6.2,Giuseppe's Pizza,"2111 Williamsbridge Rd. New York. NY 10461",40.8802, -73.8766
847,6.1,Panera Bread,"1600 Broadway. New York. NY 10019",40.7590, -73.9866
847,6.1,Mother Bear's Pizza Campus,"1428 E 3rd st. Bloomington. IN 47401",39.1682, -86.5339
847,6.1,Panera Bread,"2 N Central ave. New York. NY 10003",40.7536, -73.9814
847,6.1,Explorers Den,"1214 S 15th st. Philadelphia. PA 19146",39.9433, -75.1989
847,6.1,LaScala's Pronto,"2 N 20th st. Philadelphia. PA 19103",39.9571, -75.1683
847,6.1,Aiello's Pizza,"2814 S 7th st. Pittsburgh. PA 15210",40.4117, -79.9794
847,6.1,Pizza Bar,"1661 Collins ave. Miami Beach. FL 33139",25.7715, -80.1345
847,6.1,Big Als Chicago Style Pizza,"1082 1st ave. New York. NY 10065",40.7457, -73.9715
847,6.1,Whole Foods Market,"250 7th ave. New York. NY 10001",40.7413, -73.9934
847,6.1,Ians Pizza by the Slice,"100 State st. Madison. WI 53703",43.0736, -89.3773
847,6.1,Sausages Pizza & Pastabilities,"17 E 2nd st. Montauk. NY 11954",41.0353, -71.9543
847,6.1,Little Italy Pizza,"111 E 11th st. New York. NY 10003",40.7314, -73.9959
847,6.1,Lennys Pizza,"1045 Collins ave. Miami Beach. FL 33139",25.7791, -80.1304
847,6.1,Piola - Miami Beach,"1661 Collins ave. Miami Beach. FL 33139",25.7749, -80.1315
847,6.1,B & B Pizza,"250 Yarmouth Rd. Hyannis. MA 02601",41.6535, -70.2810
847,6.1,Cheesy Pizza,"111 E 1st st. New York. NY 10009",40.7321, -73.9913
847,6.1,Percys Pizza,"1576 2nd ave. New York. NY 10028",40.7716, -73.9603
847,6.1,PieTana,"109 E Main st. Lexington. KY 40507",38.0359, -84.4989
847,6.1,Mellow Mushroom,"5605 Windward Pkwy. Alpharetta. GA 30004",34.0732, -84.2969
847,6.1,Marinos Pizza,"1415 Saratoga Rd. Saratoga Springs. NY 12866",43.0840, -73.7851
847,6.1,Solo Pizza,"58 E 8th st. New York. NY 10003",40.7331, -73.9905
847,6.1,Isola,"35 Beach Rd. Edgartown. MA 02539",41.3862, -70.5826
847,6.1,PQR,"575 9th ave. New York. NY 10036",40.7595, -73.9919
847,6.1,Radio City Pizza,"102 E 58th st. New York. NY 10022",40.7597, -73.9733
847,6.1,Deli On Madison,"1128 Madison ave. New York. NY 10028",40.7735, -73.9597
872,6,Chuck E. Cheese's,"3235 W New Haven ave. West Melbourne. FL 32904",28.0827, -80.6464
873,5.9,Benvenuti Pizzeria,"220 E 56th st. New York. NY 10022",40.7580, -73.9680
873,5.9,Noble Roman's Craft Pizza & Pub,"375 W Main st. Westfield. IN 46074",40.0390, -86.1580
873,5.9,Piu Bello Pizzeria Restaurant,"1259 W Ponce de Leon ave. Atlanta. GA 30307",33.7700, -84.3685
873,5.9,Pranzo Pizza & Pasta,"3830 1st ave. New York. NY 10036",40.7442, -73.9926
873,5.9,Underground Pizza,"106 W 4th st. New York. NY 10012",40.7330, -73.9935
873,5.9,Evel Pie,"508 E Fremont st. Las Vegas. NV 89101",36.1710, -115.1496
873,5.9,Little Gio's Pizza,"151 W 72nd st. New York. NY 10023",40.7810, -73.9845
873,5.9,Stella Barra Pizzeria & Wine Bar,"2000 Main st. Santa Monica. CA 90405",34.0220, -118.4931
873,5.9,First Class Pizza To Go,"3601 6th ave. Lincoln. AL 35096",33.6195, -86.5629
873,5.9,NYC Pizza,"2424 Broadway. New York. NY 10024",40.8071, -73.9626
873,5.9,Healthy Choice Gourmet Deli & Pizza,"321 E 81st st. New York. NY 10028",40.7803, -73.9553
873,5.9,Faraci Pizza,"531 New Ballwin Rd. Ballwin. MO 63021",38.5991, -90.5897
873,5.9,La Mandas Restaurant,"222 Main st. White Plains. NY 10601",41.0343, -73.7629
873,5.9,Justins Pizza,"1895 Gun Hill Rd. Bronx. NY 10469",40.8863, -73.8684
873,5.9,Antonios Pizza,"1235 N Main st. Providence. RI 02904",41.8293, -71.4122
873,5.9,Ts Pizza Kitchen,"1218 E Main st. Stamford. CT 06902",41.0994, -73.5397
873,5.9,Craigville Pizza & Mexican,"1164 Main st. Centerville. MA 02632",41.6610, -70.2364
873,5.9,Muse Pizza,"16 N Water st. Nantucket. MA 02554",41.2830, -70.0990
873,5.9,Joey Pepperoni's Pizza,"2876 3rd ave. New York. NY 10039",40.8077, -73.9382
873,5.9,Chelsea Pizza 23,"302 W 23rd st. New York. NY 10011",40.7467, -73.9975
893,5.8,Brothers Pizza,"727 N Charles Town Rd. Charles Town. WV 25414",39.2835, -77.8657
893,5.8,Pi Pizzeria - Delmar Loop,"6300 Delmar Blvd. Saint Louis. MO 63130",38.6465, -90.2969
893,5.8,Jacks Pizza Hyannis,"4 Ice House Ln. Hyannis. MA 02601",41.6579, -70.2831
893,5.8,Springs Pizza,"71 Springs Fireplace Rd. East Hampton. NY 11937",40.9637, -72.1955
893,5.8,Mediterraneo Restaurant,"169 1st ave. New York. NY 10003",40.7345, -73.9903
893,5.8,The Original Impellizeri's Pizza,"2222 Frankfort ave. Louisville. KY 40206",38.2541, -85.7462
893,5.8,Home Slice Pizza,"1415 S Congress ave. Austin. TX 78704",30.2470, -97.7623
893,5.8,Luna Ristorante,"212 W 8th st. New York. NY 10011",40.7393, -73.9980
893,5.8,Da Nico Ristorante,"138 E 55th st. New York. NY 10022",40.7590, -73.9717
893,5.8,Pushcart Pizzeria,"401 Cambridge st. Boston. MA 02141",42.3644, -71.1040
893,5.8,Bella Vita Pizzeria,"142 1st ave. New York. NY 10009",40.7325, -73.9946
904,5.7,Paisans,"1003 N Sherman ave. Madison. WI 53704",43.0847, -89.3759
904,5.7,Angelo Bellini,"124 W 56th st. New York. NY 10019",40.7606, -73.9751
904,5.7,Famous Amadeus Pizza,"35 W 46th st. New York. NY 10036",40.7569, -73.9846
907,5.6,Stella 34 Trattoria,"100 W 34th st. New York. NY 10118",40.7489, -73.9867
907,5.6,Naked City Pizza Shop,"1810 E Tropicana ave. Las Vegas. NV 89119",36.1159, -115.0843
909,5.5,Angelo's Pizzeria,"529 Mercer st. Princeton. WV 24740",37.3756, -81.1015
909,5.5,Pizzarita's,"2327 NW Military Hwy. San Antonio. TX 78213",29.5356, -98.5180
911,5.4,Soho 99 Cents Cheese Pizza,"137 Greene st. New York. NY 10012",40.7264, -73.9971
911,5.4,LA Traviata Pizzeria,"324 W 46th st. New York. NY 10036",40.7591, -73.9862
911,5.4,New York Pizza Depot,"301 S State st. Ann Arbor. MI 48104",42.2797, -83.7382
911,5.4,Adriatico's New York Style Pizza,"1447 W Lane ave. Columbus. OH 43221",40.0141, -83.0339
911,5.4,Upper Crust Pizzeria,"129 N Canon Dr. Beverly Hills. CA 90210",34.0694, -118.4059
911,5.4,Sunnyside Pizza,"42-01 Greenpoint ave. Sunnyside. NY 11104",40.7451, -73.9384
911,5.4,Flavors of Italy Bistro,"99 7th ave. New York. NY 10011",40.7365, -73.9981
911,5.4,Manhattan Pizzeria,"319 Manhattan Beach Blvd. Manhattan Beach. CA 90266",33.8891, -118.4536
911,5.4,42nd Street Pizza,"246 8th ave. New York. NY 10001",40.7425, -73.9932
911,5.4,Ben's Pizzeria,"221 E 56th st. New York. NY 10022",40.7580, -73.9680
921,5.3,Primanti Bros,"1500 E Sunrise Blvd. Fort Lauderdale. FL 33304",26.1200, -80.1436
921,5.3,Las Vegas Motor Speedway,"7000 Las Vegas Blvd. Las Vegas. NV 89115",36.2336, -115.1706
921,5.3,Pizza Luce,"2210 Como Ave SE. Minneapolis. MN 55455",44.9754, -93.2246
924,5.2,Mangia - Flatiron,"159 E 27th st. New York. NY 10016",40.7394, -73.9839
924,5.2,Casey's General Store,"1901 2nd st. Coralville. IA 52241",41.6710, -91.5570
924,5.2,Felcaro Pizzeria,"1827 Washington st. Boston. MA 02118",42.3390, -71.0999
924,5.2,Olio e Pi,"3 W 8th st. New York. NY 10011",40.7369, -73.9990
924,5.2,D Napoli Pizza,"123 W 55th st. New York. NY 10019",40.7597, -73.9793
929,5.1,Edisons Pizza Kitchen,"14410 Detroit ave. Cleveland. OH 44107",41.5076, -81.7261
929,5.1,Bazbeaux Pizza,"811 W Main st. Indianapolis. IN 46202",39.7785, -86.1594
929,5.1,Biggie's Pizza,"2358 3rd St S. Jacksonville Beach. FL 32250",30.2850, -81.3921
929,5.1,Rosario's Pizza,"1755 1st ave. New York. NY 10128",40.7790, -73.9550
929,5.1,Naples 45 Ristorante E Pizzeria,"45 W 45th st. New York. NY 10036",40.7550, -73.9810
929,5.1,Uncle Paul's Pizza,"252 W 44th st. New York. NY 10036",40.7582, -73.9845
935,5,Snacks,"4565 S Decatur Blvd. Las Vegas. NV 89103",36.0917, -115.1837
935,5,Patzeria Perfect Pizza,"336 W 44th st. New York. NY 10036",40.7599, -73.9895
937,4.9,$1 Pizza,"168 1st ave. New York. NY 10009",40.7295, -73.9889
937,4.9,Tony + Benny's,"LaGuardia Airport. Queens. NY 11371",40.7769, -73.8744
937,4.9,99 Cent Fresh Pizza,"780 8th ave. New York. NY 10036",40.7593, -73.9891
937,4.9,Gaslight Pizzeria,"62-11 Woodside ave. New York. NY 11377",40.7422, -73.8959
937,4.9,Previti Pizza,"138 W 72nd st. New York. NY 10023",40.7812, -73.9849
937,4.9,Time Square Dollar Pizza,"1562 Broadway. New York. NY 10036",40.7596, -73.9860
937,4.9,Mama Mia 44 SW,"44 SW 8th st. New York. NY 10008",40.7365, -73.9982
937,4.9,Tonys Baltimore Grill,"2310 Atlantic ave. Atlantic City. NJ 08401",39.3571, -74.4260
945,4.8,Planet Pizza,"3020 S Orange ave. Orlando. FL 32806",28.5285, -81.3655
945,4.8,Three Brothers From Italy,"605 Boardwalk. Seaside Heights. NJ 08751",39.8986, -74.0845
945,4.8,Adrienne's Pizzabar,"54 Stone st. New York. NY 10004",40.7044, -74.0127
945,4.8,W4 Pizza,"178 E 4th st. New York. NY 10003",40.7322, -73.9909
945,4.8,Trenta Tre Pizzeria,"1 N End ave. New York. NY 10282",40.7225, -74.0169
945,4.8,Salt & Pepper,"181 E 100th st. New York. NY 10029",40.7890, -73.9487
945,4.8,Friendly Gourmet Pizza,"1622 2nd ave. New York. NY 10128",40.7739, -73.9555
945,4.8,Big Lou's Pizza,"1110 W Loop 1604 N. San Antonio. TX 78251",29.6017, -98.6011
945,4.8,Yankee Pizza,"241 E 56th st. New York. NY 10022",40.7582, -73.9707
945,4.8,La Rossa,"25 W 56th st. New York. NY 10019",40.7587, -73.9791
945,4.8,Pazza Notte,"1111 1st ave. New York. NY 10065",40.7520, -73.9715
945,4.8,Pasta Lovers,"26 7th ave. New York. NY 10011",40.7411, -73.9952
957,4.6,Little Caesars Pizza,"3035 N 4th st. Princeton. WV 24740",37.3766, -81.0982
957,4.6,Don Giovanni Ristorante,"154 E 52nd st. New York. NY 10022",40.7562, -73.9746
959,4.3,My Pie Pizzeria Romana,"83 E 10th st. New York. NY 10003",40.7317, -73.9929
959,4.3,Moms New York Pizza,"1735 Collins ave. Miami Beach. FL 33139",25.7732, -80.1315
961,4.2,Pizza De Miami,"937 41st st. Miami Beach. FL 33140",25.8259, -80.1276
961,4.2,Anthony's Pizza VI,"1 N Charles Town Rd. Charles Town. WV 25414",39.2853, -77.8649
961,4.2,Little Italy Pizza,"1349 3rd ave. New York. NY 10021",40.7609, -73.9641
961,4.2,Picasso Pizza,"332 6th ave. New York. NY 10014",40.7443, -73.9982
961,4.2,Pomodoro Pizza,"42 6th ave. New York. NY 10013",40.7326, -73.9942
961,4.2,Pizza Chef,"149-04 14th ave. Whitestone. NY 11357",40.7733, -73.8141
961,4.2,Meadowlands Racing and Entertainment,"1 Racetrack Dr. East Rutherford. NJ 07073",40.8137, -74.0747
961,4.2,Pomodoro Ristorante & Pizzeria,"121 E 17th st. New York. NY 10003",40.7340, -73.9889
961,4.2,Big Nick's Burger & Pizza Joint Too,"70 W 68th st. New York. NY 10023",40.7760, -73.9809
961,4.2,Pizza Italia,"231 E 7th st. New York. NY 10009",40.7296, -73.9832
971,4.1,Allora,"52 Av. Mandarina. Cancun. QR 77500. Mexico",21.1591, -86.8465
971,4.1,Ascot Racecourse,"Ascot. Bracknell Forest. Berkshire. UK",51.4100, -0.6752
971,4.1,Fat Lorenzo's,"5516 Chicago Ave S. Minneapolis. MN 55417",44.9240, -93.2707
971,4.1,Napolese Pizzeria,"8770 Keystone Crossing. Indianapolis. IN 46240",39.9227, -86.1491
971,4.1,Wild,"65 Prince st. New York. NY 10012",40.7227, -73.9971
971,4.1,Carve,"148 W 10th st. New York. NY 10014",40.7345, -73.9999
971,4.1,A Slice of New York,"15 E 7th st. New York. NY 10003",40.7327, -73.9910
978,4,Pizza Park,"159 W 72nd st. New York. NY 10023",40.7811, -73.9843
979,3.9,Libretto's Pizzeria,"432 E 13th st. New York. NY 10009",40.7317, -73.9874
979,3.9,Matas Greek Pizza & Griders,"1208 1st ave. Anniston. AL 36201",33.6685, -85.8346
981,3.8,Slice Of Edgartown,"37 Main st. Edgartown. MA 02539",41.3892, -70.5255
981,3.8,Pizza Hut,"32-01 Broadway. North Bergen. NJ 07047",40.7874, -74.0343
981,3.8,Talladega Superspeedway,"3366 Speedway Blvd. Talladega. AL 35160",33.6224, -86.2347
981,3.8,Shangri-La Kitchen,"21 Washington st. Nantucket. MA 02554",41.2880, -70.0989
981,3.8,Poppy Pizza,"3600 Falmouth Rd. Mashpee. MA 02649",41.6740, -70.4540
986,3.7,Mariella Pizza,"1776 3rd ave. New York. NY 10128",40.7806, -73.9512
987,3.6,Daniela Trattoria,"320 E 57th st. New York. NY 10022",40.7587, -73.9635
988,3.4,Cheetah Pizza,"3910 W 50th st. Edina. MN 55424",44.9244, -93.3400
988,3.4,Justino's Pizzeria,"1356 3rd ave. New York. NY 10021",40.7456, -73.9797
988,3.4,5 Boroughs Pizza,"233 E 58th st. New York. NY 10022",40.7602, -73.9743
988,3.4,Secret Pizza,"432 E Charleston Blvd. Las Vegas. NV 89104",36.1625, -115.1452
992,3.3,The Grotto Pizzeria & Ristorante,"466 W 33rd st. New York. NY 10001",40.7530, -73.9956
993,3.2,Stromboli Pizza,"53 W 72nd st. New York. NY 10023",40.7806, -73.9817
993,3.2,Sbarro,"712 7th ave. New York. NY 10019",40.7576, -73.9880
993,3.2,La Gusto Pizza,"306 W 51st st. New York. NY 10019",40.7615, -73.9884
993,3.2,Rico's Pizza,"1402 W 15th ave. Gary. IN 46407",41.5904, -87.3457
993,3.2,Bonanno's New York Pizzeria,"434 E 9th st. Las Vegas. NV 89101",36.1627, -115.1487
993,3.2,Bonanno's New York Pizzeria,"3237 S Las Vegas Blvd. Las Vegas. NV 89109",36.1123, -115.1767
999,3.1,Cottage Inn Pizza - Ann Arbor,"2506 S State st. Ann Arbor. MI 48104",42.2762, -83.7447
999,3.1,Z Deli Pizzeria,"2425 Broadway. New York. NY 10024",40.8056, -73.9627
1001,2.9,McDonald's,"333 W New Haven ave. Orlando. FL 32901",28.5382, -81.3763
1001,2.9,Hank's Pizza,"130 E 7th st. New York. NY 10009",40.7326, -73.9915
1003,2.8,Rocky's Number II,"202 W 14th st. New York. NY 10011",40.7399, -73.9990
1003,2.8,Canyon Pizza,"1033 S Allen st. State College. PA 16801",40.7934, -77.8567
1003,2.8,Cheskas,"213 E 8th st. New York. NY 10003",40.7327, -73.9891
1006,2.7,Intrepid Summer Movie Series,"12th Ave & W 46th st. New York. NY 10036",40.7613, -73.9991
1007,2.5,Da Vinci Pizza,"223 1st ave. New York. NY 10003",40.7340, -73.9935
1008,2.4,King's Pizza,"417 E 11th st. Clearwater. FL 33756",27.9734, -82.7897
1008,2.4,Stanton Pizza,"97 Stanton st. New York. NY 10002",40.7194, -73.9876
1008,2.4,Fenway Park,"4 Yawkey Way. Boston. MA 02215",42.3467, -71.0972
1011,2.2,Square Pizza & Chicken,"59 E 3rd st. New York. NY 10003",40.7308, -73.9873
1011,2.2,Steve's Pizza,"319 W 54th st. New York. NY 10019",40.7640, -73.9865
1011,2.2,Pizza Al Fresco,"212 S Ocean Blvd. Palm Beach. FL 33480",26.7064, -80.0365
1014,2.1,Ciros Pizza Pomodoro,"33 Hammersmith Rd. London. W6 8BW. UK",51.4937, -0.2272
1014,2.1,IPizzaNY,"116 E 9th st. New York. NY 10003",40.7307, -73.9963
1016,1.9,Costco,"350 Route 3 E. Clifton. NJ 07014",40.8700, -74.1101
1016,1.9,Jekyll & Hyde,"91 7th ave. New York. NY 10011",40.7387, -73.9977
1016,1.9,Hells Kitchen Pizza,"313 W 51st st. New York. NY 10019",40.7615, -73.9906
1019,1.8,Cafe Viva,"28 W 8th st. New York. NY 10011",40.7337, -73.9990
1020,1.7,Canal Pizza,"103 10th ave. New York. NY 10011",40.7446, -73.9949
1020,1.7,Highline Pizza,"439 W 16th st. New York. NY 10011",40.7440, -73.9964
1022,1.4,Encore Beach Club,"3131 S Las Vegas Blvd. Las Vegas. NV 89109",36.1020, -115.1756
1022,1.4,Rocky's Pizza 14th st.,"46 W 14th st. New York. NY 10011",40.7407, -73.9983
1024,1.2,Lincoln Financial Field,"1 Lincoln Financial Field Way. Philadelphia. PA 19148",39.9012, -75.1675
1024,1.2,Milk Bar East Village,"167 2nd ave. New York. NY 10003",40.7307, -73.9860
1024,1.2,Rubbys Pizzeria,"87 E 10th st. New York. NY 10003",40.7310, -73.9932
1024,1.2,Buca di Beppo Italian Restaurant,"265 7th ave. New York. NY 10001",40.7417, -73.9934
1024,1.2,Backroom Pizza,"2321 Jackson ave. Ann Arbor. MI 48103",42.2775, -83.7380
1024,1.2,Catfish Biff's Pizza & Subs,"2011 W Lane ave. Columbus. OH 43221",40.0275, -83.0407
1024,1.2,Foxs Pizza Den,"2201 MacCorkle Ave SE. Charleston. WV 25304",38.3507, -81.6162
1031,1.1,Georgio's Gourmet Pizza,"1614 N Wells st. Chicago. IL 60610",41.9065, -87.6321
1032,0.9,Pizza Gaga,"93 E 7th st. New York. NY 10009",40.7309, -73.9912
1033,0.2,The Post."2027 S 4th st. Louisville. KY 40208",38.2460, -85.7654
1033,0.2,Churchill Downs,"700 Central ave. Louisville. KY 40208",38.2121, -85.6041
1033,0.2,F & M Slice Pizza,"2931 Broadway. New York. NY 10025",40.7362, -73.9904
1036,0.1,Cumberland Farms,"3 Centre st. Nantucket. MA 02554",41.2839, -70.0995
1036,0.1,Open Market,"295 Broadway. New York. NY 10007",40.7112, -73.9983
1038,0.08,Amtrak,"8th Ave & W 31st st. New York. NY 10001",40.7510, -73.9937
1039,0.02,7-Eleven,"213 E 53rd st. New York. NY 10022",40.7563, -73.9727
1040,0.01,BD Best Pizza,"1017 2nd ave. New York. NY 10022",40.7498, -73.9722
1041,0,Dantes Inferno,"702 W 51st st. Cleveland. OH 44114",41.5024, -81.6960
1041,0,Blaze Fast Fired Pizza,"6200 Hollywood Blvd. Los Angeles. CA 90028",34.1026, -118.3303
1041,0,Caf Muse,"212 E 58th st. New York. NY 10022",40.7644, -73.9712
1041,0,Richs Grilled Pizza,"915 9th st. Augusta. GA 30901",33.4703, -81.9745
1041,0,Industry Kitchen,"70 Orchard st. New York. NY 10002",40.7183, -73.9907
1041,0,Goodfellas Pizzeria,"237 E Main st. Lexington. KY 40507",38.0392, -84.5015